game_id	"	"	is_home	"	"	team_id	"	"	team_name	"	"	team_url	"	"	inning_scores	"	"	team_rhe
3314375	#	0	#	697	#	Texas A&M	#	http://stats.ncaa.org/team/index/11620?org_id=697	#	[2, 1, 1, 0, 0, 1, 0, 0, 0]	#	[5, 8, 0]
3314375	#	1	#	736	#	Vanderbilt	#	http://stats.ncaa.org/team/index/11620?org_id=736	#	[0, 2, 3, 1, 0, 0, 0, 2, 0]	#	[8, 13, 0]
3300438	#	0	#	430	#	Mississippi St.	#	http://stats.ncaa.org/team/index/11620?org_id=430	#	[0, 0, 0, 1, 1, 0, 0, 1, 1]	#	[4, 12, 2]
3300438	#	1	#	365	#	LSU	#	http://stats.ncaa.org/team/index/11620?org_id=365	#	[2, 2, 3, 0, 3, 6, 1, 0, 0]	#	[17, 20, 0]
3379525	#	0	#	439	#	Monmouth	#	http://stats.ncaa.org/team/index/11620?org_id=439	#	[0, 0, 1, 0, 0, 0, 3, 0, 0]	#	[4, 6, 2]
3379525	#	1	#	116	#	Canisius	#	http://stats.ncaa.org/team/index/11620?org_id=116	#	[1, 1, 3, 1, 6, 0, 1, 3, 0]	#	[16, 17, 2]
3161391	#	0	#	735	#	Valparaiso	#	http://stats.ncaa.org/team/index/11620?org_id=735	#	[2, 0, 3, 0, 0, 0, 0, 0, 0]	#	[5, 5, 0]
3161391	#	1	#	26172	#	A&M-Corpus Chris	#	http://stats.ncaa.org/team/index/11620?org_id=26172	#	[0, 0, 0, 0, 0, 0, 0, 1, 0]	#	[1, 6, 5]
3343786	#	0	#	702	#	Texas-Arlington	#	http://stats.ncaa.org/team/index/11620?org_id=702	#	[1, 0, 1, 4, 3, 0, 0, 0, 2]	#	[11, 13, 3]
3343786	#	1	#	716	#	Troy	#	http://stats.ncaa.org/team/index/11620?org_id=716	#	[0, 0, 0, 1, 5, 0, 0, 0, 0]	#	[6, 13, 1]
3016853	#	0	#	164	#	UConn	#	http://stats.ncaa.org/team/index/11620?org_id=164	#	[2, 0, 0, 0, 0, 0, 0, 0, 0]	#	[2, 6, 2]
3016853	#	1	#	518	#	Ohio St.	#	http://stats.ncaa.org/team/index/11620?org_id=518	#	[0, 0, 4, 0, 0, 2, 0, 2, 0]	#	[8, 10, 1]
3361030	#	0	#	635	#	Seton Hall	#	http://stats.ncaa.org/team/index/11620?org_id=635	#	[2, 0, 0, 1, 0, 2, 0, 0, 0, 2]	#	[7, 10, 1]
3361030	#	1	#	169	#	Creighton	#	http://stats.ncaa.org/team/index/11620?org_id=169	#	[0, 0, 1, 1, 1, 0, 2, 0, 0, 3]	#	[8, 12, 1]
3228963	#	0	#	312	#	Iowa	#	http://stats.ncaa.org/team/index/11620?org_id=312	#	[2, 0, 0, 2, 4, 3, 0, 0, 2]	#	[13, 15, 0]
3228963	#	1	#	251	#	Georgetown	#	http://stats.ncaa.org/team/index/11620?org_id=251	#	[0, 0, 0, 0, 0, 0, 0, 0, 1]	#	[1, 5, 3]
3089797	#	0	#	352	#	Lehigh	#	http://stats.ncaa.org/team/index/11620?org_id=352	#	[2, 0, 2, 0, 0, 0, 0, 0, 2, 0, 0, 0]	#	[6, 13, 2]
3089797	#	1	#	450	#	Mt. St. Mary's	#	http://stats.ncaa.org/team/index/11620?org_id=450	#	[0, 0, 0, 0, 3, 1, 0, 0, 2, 0, 0, 1]	#	[7, 15, 0]
3258412	#	0	#	312	#	Iowa	#	http://stats.ncaa.org/team/index/11620?org_id=312	#	[0, 0, 0, 2, 1, 0, 0, 0, 0]	#	[3, 8, 0]
3258412	#	1	#	418	#	Michigan	#	http://stats.ncaa.org/team/index/11620?org_id=418	#	[1, 0, 1, 0, 0, 0, 0, 0, 0]	#	[2, 6, 1]
3314379	#	0	#	2711	#	North Florida	#	http://stats.ncaa.org/team/index/11620?org_id=2711	#	[0, 0, 0, 2, 0, 1, 0, 2, 0]	#	[5, 6, 0]
3314379	#	1	#	198	#	East Tenn. St.	#	http://stats.ncaa.org/team/index/11620?org_id=198	#	[1, 0, 0, 2, 1, 0, 1, 0, 1]	#	[6, 9, 1]
3379526	#	0	#	735	#	Valparaiso	#	http://stats.ncaa.org/team/index/11620?org_id=735	#	[0, 4, 0, 0, 1, 0, 0, 0, 0]	#	[5, 11, 1]
3379526	#	1	#	817	#	Youngstown St.	#	http://stats.ncaa.org/team/index/11620?org_id=817	#	[0, 0, 3, 0, 0, 0, 0, 0, 0]	#	[3, 8, 2]
3300454	#	0	#	61	#	Bethune-Cookman	#	http://stats.ncaa.org/team/index/11620?org_id=61	#	[0, 0, 0, 4, 0, 0, 0, 0, 0]	#	[4, 9, 1]
3300454	#	1	#	231	#	FIU	#	http://stats.ncaa.org/team/index/11620?org_id=231	#	[0, 0, 0, 1, 4, 3, 0, 0, 0]	#	[8, 9, 2]
3161394	#	0	#	553	#	Prairie View	#	http://stats.ncaa.org/team/index/11620?org_id=553	#	[1, 0, 2, 1, 0, 0, 2, 0, 0, 0]	#	[6, 12, 1]
3161394	#	1	#	261	#	Grambling	#	http://stats.ncaa.org/team/index/11620?org_id=261	#	[1, 0, 0, 0, 1, 1, 2, 0, 0, 0]	#	[5, 9, 2]
3343787	#	0	#	505	#	Northern Ky.	#	http://stats.ncaa.org/team/index/11620?org_id=505	#	[0, 0, 0, 1, 1, 0, 0, 1, 0]	#	[3, 8, 2]
3343787	#	1	#	28600	#	Lipscomb	#	http://stats.ncaa.org/team/index/11620?org_id=28600	#	[1, 1, 0, 0, 3, 0, 0, 0, 0]	#	[5, 12, 0]
3228964	#	0	#	494	#	North Dakota	#	http://stats.ncaa.org/team/index/11620?org_id=494	#	[1, 0, 4, 3, 1, 0, 1, 0, 0]	#	[10, 16, 0]
3228964	#	1	#	30024	#	Utah Valley	#	http://stats.ncaa.org/team/index/11620?org_id=30024	#	[0, 1, 0, 0, 0, 0, 0, 0, 0]	#	[1, 6, 3]
3017114	#	0	#	169	#	Creighton	#	http://stats.ncaa.org/team/index/11620?org_id=169	#	[0, 0, 0, 0, 1, 0, 0, 0, 0]	#	[1, 9, 1]
3017114	#	1	#	32	#	UALR	#	http://stats.ncaa.org/team/index/11620?org_id=32	#	[1, 0, 0, 0, 1, 0, 0, 3, 0]	#	[5, 9, 0]
3258417	#	0	#	473	#	New Mexico	#	http://stats.ncaa.org/team/index/11620?org_id=473	#	[0, 2, 0, 5, 0, 0, 5, 0, 1]	#	[13, 17, 3]
3258417	#	1	#	721	#	Air Force	#	http://stats.ncaa.org/team/index/11620?org_id=721	#	[0, 4, 0, 0, 1, 0, 1, 0, 2]	#	[8, 16, 1]
3361046	#	0	#	204	#	Eastern Mich.	#	http://stats.ncaa.org/team/index/11620?org_id=204	#	[0, 1, 0, 0, 0, 0, 0, 0, 0]	#	[1, 6, 0]
3361046	#	1	#	774	#	Western Mich.	#	http://stats.ncaa.org/team/index/11620?org_id=774	#	[0, 1, 0, 3, 0, 1, 0, 0, 0]	#	[5, 9, 0]
3300456	#	0	#	590	#	Sacred Heart	#	http://stats.ncaa.org/team/index/11620?org_id=590	#	[1, 0, 0, 0, 3, 0, 1, 3, 1]	#	[9, 11, 1]
3300456	#	1	#	222	#	Fairleigh Dickinson	#	http://stats.ncaa.org/team/index/11620?org_id=222	#	[1, 3, 0, 0, 0, 0, 0, 2, 1]	#	[7, 12, 5]
3379528	#	0	#	169	#	Creighton	#	http://stats.ncaa.org/team/index/11620?org_id=169	#	[0, 1, 0, 0, 1, 0, 3, 2, 0]	#	[7, 8, 0]
3379528	#	1	#	812	#	Xavier	#	http://stats.ncaa.org/team/index/11620?org_id=812	#	[0, 0, 0, 1, 0, 0, 1, 0, 0]	#	[2, 6, 3]
3161395	#	0	#	559	#	Purdue	#	http://stats.ncaa.org/team/index/11620?org_id=559	#	[0, 0, 0, 0, 0, 0, 0, 0, 0]	#	[0, 4, 1]
3161395	#	1	#	365	#	LSU	#	http://stats.ncaa.org/team/index/11620?org_id=365	#	[0, 1, 3, 0, 0, 1, 2, 3, 0]	#	[10, 13, 1]
3017573	#	0	#	603	#	St. John's (NY)	#	http://stats.ncaa.org/team/index/11620?org_id=603	#	[0, 0, 0, 0, 0, 0, 1, 0, 1]	#	[2, 5, 0]
3017573	#	1	#	541	#	Pepperdine	#	http://stats.ncaa.org/team/index/11620?org_id=541	#	[0, 0, 0, 0, 0, 0, 0, 0, 0]	#	[0, 6, 1]
3258422	#	0	#	692	#	Tennessee Tech	#	http://stats.ncaa.org/team/index/11620?org_id=692	#	[0, 0, 1, 0, 0, 0, 0, 0, 0]	#	[1, 5, 0]
3258422	#	1	#	660	#	SIUE	#	http://stats.ncaa.org/team/index/11620?org_id=660	#	[0, 0, 0, 0, 0, 1, 0, 2, 0]	#	[3, 5, 1]
3343789	#	0	#	444	#	Morehead St.	#	http://stats.ncaa.org/team/index/11620?org_id=444	#	[0, 0, 0, 0, 0, 0, 0, 7, 1, 0, 0]	#	[8, 14, 1]
3343789	#	1	#	660	#	SIUE	#	http://stats.ncaa.org/team/index/11620?org_id=660	#	[0, 0, 0, 0, 0, 0, 0, 6, 2, 0, 1]	#	[9, 15, 1]
3228967	#	0	#	683	#	Stony Brook	#	http://stats.ncaa.org/team/index/11620?org_id=683	#	[0, 1, 0, 0, 1, 0, 0, 0, 0]	#	[2, 9, 0]
3228967	#	1	#	111	#	UC Riverside	#	http://stats.ncaa.org/team/index/11620?org_id=111	#	[0, 0, 0, 0, 0, 3, 0, 0, 0]	#	[3, 7, 1]
3361047	#	0	#	204	#	Eastern Mich.	#	http://stats.ncaa.org/team/index/11620?org_id=204	#	[0, 0, 0, 3, 0, 2, 0, 0, 1]	#	[6, 10, 2]
3361047	#	1	#	774	#	Western Mich.	#	http://stats.ncaa.org/team/index/11620?org_id=774	#	[0, 0, 0, 0, 2, 0, 0, 0, 1]	#	[3, 6, 0]
3017793	#	0	#	432	#	Mississippi Val.	#	http://stats.ncaa.org/team/index/11620?org_id=432	#	[0, 0, 0, 0, 0, 0, 0, 0, 0]	#	[0, 3, 3]
3017793	#	1	#	1045	#	Dallas Baptist	#	http://stats.ncaa.org/team/index/11620?org_id=1045	#	[1, 3, 3, 2, 1, 4, 0, 5, 0]	#	[19, 15, 0]
3379546	#	0	#	454	#	Murray St.	#	http://stats.ncaa.org/team/index/11620?org_id=454	#	[1, 0, 0, 0, 2, 1, 1, 1, 2]	#	[8, 12, 1]
3379546	#	1	#	202	#	Eastern Ky.	#	http://stats.ncaa.org/team/index/11620?org_id=202	#	[2, 1, 0, 0, 0, 0, 0, 0, 0]	#	[3, 8, 3]
3161403	#	0	#	80	#	Brown	#	http://stats.ncaa.org/team/index/11620?org_id=80	#	[0, 0, 0, 0, 0, 0, 0, 0, 0]	#	[0, 6, 2]
3161403	#	1	#	648	#	South Carolina	#	http://stats.ncaa.org/team/index/11620?org_id=648	#	[0, 0, 0, 1, 2, 1, 0, 4, 0]	#	[8, 9, 0]
3300457	#	0	#	235	#	Florida	#	http://stats.ncaa.org/team/index/11620?org_id=235	#	[0, 0, 0, 0, 0, 0, 0, 0, 1]	#	[1, 8, 1]
3300457	#	1	#	334	#	Kentucky	#	http://stats.ncaa.org/team/index/11620?org_id=334	#	[0, 4, 4, 4, 5, 0, 0, 0, 0]	#	[17, 20, 0]
3258503	#	0	#	457	#	North Carolina	#	http://stats.ncaa.org/team/index/11620?org_id=457	#	[0, 1, 0, 0, 0, 0, 0, 0, 1]	#	[2, 5, 3]
3258503	#	1	#	193	#	Duke	#	http://stats.ncaa.org/team/index/11620?org_id=193	#	[0, 0, 1, 0, 1, 0, 1, 0, 0]	#	[3, 9, 0]
3228974	#	0	#	366	#	Louisiana Tech	#	http://stats.ncaa.org/team/index/11620?org_id=366	#	[0, 0, 0, 0, 0, 0, 0, 0, 1]	#	[1, 4, 0]
3089800	#	0	#	450	#	Mt. St. Mary's	#	http://stats.ncaa.org/team/index/11620?org_id=450	#	[0, 0, 0, 0, 2, 0, 0, 0, 6]	#	[8, 7, 0]
3089800	#	1	#	173	#	Davidson	#	http://stats.ncaa.org/team/index/11620?org_id=173	#	[2, 0, 0, 0, 0, 0, 0, 0, 0]	#	[2, 7, 1]
3343791	#	0	#	306	#	Indiana	#	http://stats.ncaa.org/team/index/11620?org_id=306	#	[0, 1, 3, 2, 1, 0, 1, 1, 0]	#	[9, 13, 1]
3343791	#	1	#	301	#	Illinois	#	http://stats.ncaa.org/team/index/11620?org_id=301	#	[0, 0, 0, 3, 0, 0, 0, 0, 0]	#	[3, 12, 0]
3228974	#	1	#	229	#	Fla. Atlantic	#	http://stats.ncaa.org/team/index/11620?org_id=229	#	[0, 0, 0, 0, 1, 2, 0, 0, 0]	#	[3, 8, 1]
3314383	#	0	#	554	#	Princeton	#	http://stats.ncaa.org/team/index/11620?org_id=554	#	[0, 0, 0, 0, 0, 0, 2, 1, 0]	#	[3, 3, 2]
3314383	#	1	#	158	#	Columbia	#	http://stats.ncaa.org/team/index/11620?org_id=158	#	[2, 0, 4, 1, 5, 0, 1, 0, 0]	#	[13, 14, 1]
3361049	#	0	#	204	#	Eastern Mich.	#	http://stats.ncaa.org/team/index/11620?org_id=204	#	[0, 0, 0, 0, 0, 1, 0, 0, 0]	#	[1, 3, 2]
3361049	#	1	#	774	#	Western Mich.	#	http://stats.ncaa.org/team/index/11620?org_id=774	#	[2, 2, 0, 0, 2, 0, 0, 0, 0]	#	[6, 8, 1]
3161405	#	0	#	541	#	Pepperdine	#	http://stats.ncaa.org/team/index/11620?org_id=541	#	[0, 2, 0, 0, 0, 5, 3, 0, 0]	#	[10, 14, 0]
3161405	#	1	#	657	#	Southern California	#	http://stats.ncaa.org/team/index/11620?org_id=657	#	[3, 0, 0, 0, 0, 0, 0, 0, 1]	#	[4, 11, 0]
3018195	#	0	#		#	Arlington Baptist	#		#	[0, 0, 0, 1, 0, 0, 1]	#	[2, 7, 1]
3018195	#	1	#	2	#	Abilene Christian	#	http://stats.ncaa.org/team/index/11620?org_id=2	#	[2, 3, 5, 1, 0, 0, 1]	#	[12, 14, 0]
3379564	#	0	#	664	#	Southern Miss.	#	http://stats.ncaa.org/team/index/11620?org_id=664	#	[3, 0, 0, 0, 1, 0, 3, 0, 0]	#	[7, 11, 0]
3379564	#	1	#	458	#	Charlotte	#	http://stats.ncaa.org/team/index/11620?org_id=458	#	[0, 1, 0, 0, 0, 1, 0, 0, 0]	#	[2, 6, 0]
3258727	#	0	#	559	#	Purdue	#	http://stats.ncaa.org/team/index/11620?org_id=559	#	[0, 0, 1, 0, 0, 0, 0, 3, 0]	#	[4, 8, 2]
3258727	#	1	#	301	#	Illinois	#	http://stats.ncaa.org/team/index/11620?org_id=301	#	[1, 0, 0, 1, 0, 0, 0, 0, 1]	#	[3, 9, 3]
3300458	#	0	#	235	#	Florida	#	http://stats.ncaa.org/team/index/11620?org_id=235	#	[0, 0, 2, 0, 1, 0, 0, 5, 0]	#	[8, 11, 1]
3300458	#	1	#	334	#	Kentucky	#	http://stats.ncaa.org/team/index/11620?org_id=334	#	[0, 1, 1, 0, 0, 7, 0, 0, 0]	#	[9, 18, 2]
3314386	#	0	#		#	Robert Morris-S'fiel	#		#	[0, 0, 0, 0, 0, 0, 0]	#	[0, 1, 2]
3314386	#	1	#	299	#	Illinois St.	#	http://stats.ncaa.org/team/index/11620?org_id=299	#	[2, 2, 3, 0, 2, 4, 0]	#	[13, 10, 1]
3343793	#	0	#	678	#	Stetson	#	http://stats.ncaa.org/team/index/11620?org_id=678	#	[0, 0, 0, 0, 1, 0, 3, 0, 0]	#	[4, 12, 2]
3343793	#	1	#	2711	#	North Florida	#	http://stats.ncaa.org/team/index/11620?org_id=2711	#	[0, 1, 0, 2, 5, 3, 0, 0, 0]	#	[11, 13, 2]
3228977	#	0	#	366	#	Louisiana Tech	#	http://stats.ncaa.org/team/index/11620?org_id=366	#	[0, 1, 0, 0, 0, 0, 0, 1, 1]	#	[3, 10, 2]
3228977	#	1	#	229	#	Fla. Atlantic	#	http://stats.ncaa.org/team/index/11620?org_id=229	#	[0, 0, 0, 0, 0, 0, 0, 0, 2]	#	[2, 4, 1]
3361063	#	0	#	149	#	Coastal Caro.	#	http://stats.ncaa.org/team/index/11620?org_id=149	#	[2, 0, 0, 0, 0, 1, 0, 1, 0]	#	[4, 6, 0]
3361063	#	1	#	490	#	North Carolina St.	#	http://stats.ncaa.org/team/index/11620?org_id=490	#	[1, 0, 0, 1, 1, 0, 0, 5, 0]	#	[8, 12, 1]
3090013	#	0	#	817	#	Youngstown St.	#	http://stats.ncaa.org/team/index/11620?org_id=817	#	[0, 0, 0, 0, 1, 0, 0, 2, 0]	#	[3, 8, 2]
3090013	#	1	#	9	#	UAB	#	http://stats.ncaa.org/team/index/11620?org_id=9	#	[1, 3, 2, 1, 0, 0, 0, 0, 0]	#	[7, 8, 2]
3161424	#	0	#	749	#	Wake Forest	#	http://stats.ncaa.org/team/index/11620?org_id=749	#	[0, 0, 1, 1, 0, 6, 0, 0, 1]	#	[9, 8, 0]
3161424	#	1	#	255	#	Georgia Tech	#	http://stats.ncaa.org/team/index/11620?org_id=255	#	[1, 0, 0, 1, 0, 0, 0, 0, 0]	#	[2, 11, 2]
3258739	#	0	#	551	#	Portland	#	http://stats.ncaa.org/team/index/11620?org_id=551	#	[0, 0, 0, 0, 0, 0, 0, 0, 0]	#	[0, 7, 1]
3258739	#	1	#	541	#	Pepperdine	#	http://stats.ncaa.org/team/index/11620?org_id=541	#	[1, 4, 0, 0, 0, 1, 0, 0, 0]	#	[6, 8, 1]
3018413	#	0	#	626	#	San Diego St.	#	http://stats.ncaa.org/team/index/11620?org_id=626	#	[0, 0, 1, 3, 0, 0, 0, 0, 0]	#	[4, 8, 3]
3018413	#	1	#	630	#	San Jose St.	#	http://stats.ncaa.org/team/index/11620?org_id=630	#	[0, 0, 2, 3, 0, 0, 0, 1, 0]	#	[6, 7, 0]
3300459	#	0	#	235	#	Florida	#	http://stats.ncaa.org/team/index/11620?org_id=235	#	[2, 0, 1, 0, 0, 5, 1, 0, 2]	#	[11, 17, 0]
3300459	#	1	#	334	#	Kentucky	#	http://stats.ncaa.org/team/index/11620?org_id=334	#	[0, 0, 0, 0, 0, 0, 0, 8, 2]	#	[10, 12, 1]
3379565	#	0	#	664	#	Southern Miss.	#	http://stats.ncaa.org/team/index/11620?org_id=664	#	[0, 0, 0, 0, 0, 0, 0, 0, 0]	#	[0, 6, 3]
3379565	#	1	#	458	#	Charlotte	#	http://stats.ncaa.org/team/index/11620?org_id=458	#	[0, 4, 0, 0, 0, 2, 0, 2, 0]	#	[8, 10, 2]
3228981	#	0	#	366	#	Louisiana Tech	#	http://stats.ncaa.org/team/index/11620?org_id=366	#	[0, 2, 0, 0, 0, 0, 0, 0, 0]	#	[2, 7, 1]
3228981	#	1	#	229	#	Fla. Atlantic	#	http://stats.ncaa.org/team/index/11620?org_id=229	#	[0, 0, 0, 0, 0, 0, 1, 2, 0]	#	[3, 9, 2]
3314389	#	0	#	772	#	Western Ky.	#	http://stats.ncaa.org/team/index/11620?org_id=772	#	[1, 0, 0, 0, 0, 0, 0, 2, 2]	#	[5, 14, 2]
3314389	#	1	#	716	#	Troy	#	http://stats.ncaa.org/team/index/11620?org_id=716	#	[0, 0, 0, 6, 0, 0, 0, 4, 0]	#	[10, 9, 0]
3361066	#	0	#	657	#	Southern California	#	http://stats.ncaa.org/team/index/11620?org_id=657	#	[0, 0, 0, 0, 1, 0, 0, 6, 0]	#	[7, 8, 0]
3361066	#	1	#	754	#	Washington St.	#	http://stats.ncaa.org/team/index/11620?org_id=754	#	[0, 1, 0, 0, 0, 0, 0, 0, 0]	#	[1, 3, 1]
3090035	#	0	#	450	#	Mt. St. Mary's	#	http://stats.ncaa.org/team/index/11620?org_id=450	#	[0, 0, 0, 0, 0, 0, 0, 0, 0]	#	[0, 6, 0]
3090035	#	1	#	173	#	Davidson	#	http://stats.ncaa.org/team/index/11620?org_id=173	#	[0, 0, 2, 0, 6, 2, 1, 0, 0]	#	[11, 11, 1]
3343794	#	0	#	474	#	New Orleans	#	http://stats.ncaa.org/team/index/11620?org_id=474	#	[1, 0, 3, 0, 0, 0, 0, 0, 0]	#	[4, 10, 3]
3343794	#	1	#	483	#	Nicholls St.	#	http://stats.ncaa.org/team/index/11620?org_id=483	#	[2, 5, 0, 0, 0, 0, 0, 0, 0]	#	[7, 10, 2]
3161463	#	0	#	308	#	IPFW	#	http://stats.ncaa.org/team/index/11620?org_id=308	#	[0, 1, 0, 0, 1, 1, 0, 0, 0]	#	[3, 5, 1]
3161463	#	1	#	87	#	Butler	#	http://stats.ncaa.org/team/index/11620?org_id=87	#	[0, 1, 3, 3, 0, 0, 2, 0, 0]	#	[9, 12, 2]
3018433	#	0	#	355	#	Liberty	#	http://stats.ncaa.org/team/index/11620?org_id=355	#	[2, 0, 2, 0, 0, 0, 0, 0, 0]	#	[4, 7, 4]
3018433	#	1	#	2711	#	North Florida	#	http://stats.ncaa.org/team/index/11620?org_id=2711	#	[0, 1, 6, 0, 0, 0, 0, 4, 0]	#	[11, 13, 2]
3300464	#	0	#	386	#	Marist	#	http://stats.ncaa.org/team/index/11620?org_id=386	#	[0, 0, 0, 0, 0, 1, 0, 0, 0]	#	[1, 8, 2]
3300464	#	1	#	576	#	Rider	#	http://stats.ncaa.org/team/index/11620?org_id=576	#	[6, 3, 0, 0, 0, 0, 0, 0, 0]	#	[9, 9, 2]
3258740	#	0	#	627	#	San Diego	#	http://stats.ncaa.org/team/index/11620?org_id=627	#	[0, 0, 0, 0, 0, 8, 0, 0, 7]	#	[15, 16, 2]
3258740	#	1	#	629	#	San Francisco	#	http://stats.ncaa.org/team/index/11620?org_id=629	#	[0, 0, 2, 0, 4, 1, 0, 0, 2]	#	[9, 11, 1]
3379648	#	0	#	128	#	UCF	#	http://stats.ncaa.org/team/index/11620?org_id=128	#	[0, 0, 0, 2, 0, 0, 0, 1, 1]	#	[4, 9, 1]
3379648	#	1	#	164	#	UConn	#	http://stats.ncaa.org/team/index/11620?org_id=164	#	[0, 0, 1, 0, 0, 0, 4, 0, 0]	#	[5, 9, 2]
3229124	#	0	#	606	#	Saint Joseph's	#	http://stats.ncaa.org/team/index/11620?org_id=606	#	[2, 3, 0, 1, 3, 5, 1, 0, 0]	#	[15, 14, 1]
3229124	#	1	#	251	#	Georgetown	#	http://stats.ncaa.org/team/index/11620?org_id=251	#	[0, 0, 0, 0, 0, 0, 0, 0, 0]	#	[0, 5, 3]
3343796	#	0	#	434	#	Missouri	#	http://stats.ncaa.org/team/index/11620?org_id=434	#	[0, 0, 0, 0, 0, 0, 0, 1, 0]	#	[1, 6, 1]
3343796	#	1	#	235	#	Florida	#	http://stats.ncaa.org/team/index/11620?org_id=235	#	[0, 2, 2, 0, 0, 1, 0, 2, 0]	#	[7, 8, 1]
3161465	#	0	#		#	Arlington Baptist	#		#	[0, 0, 0, 0, 0, 0, 2, 0, 0]	#	[2, 6, 0]
3161465	#	1	#	536	#	Tex.-Pan American	#	http://stats.ncaa.org/team/index/11620?org_id=536	#	[0, 0, 2, 2, 0, 0, 0, 0, 0]	#	[4, 11, 1]
3314392	#	0	#	302	#	Ill.-Chicago	#	http://stats.ncaa.org/team/index/11620?org_id=302	#	[0, 0, 0, 0, 3, 0, 0, 0, 0]	#	[3, 5, 0]
3314392	#	1	#	514	#	Oakland	#	http://stats.ncaa.org/team/index/11620?org_id=514	#	[1, 8, 2, 2, 0, 0, 2, 0, 0]	#	[15, 22, 3]
3361071	#	0	#	1014	#	Col. of Charleston	#	http://stats.ncaa.org/team/index/11620?org_id=1014	#	[0, 0, 0, 0, 0, 0, 0, 0, 0]	#	[0, 7, 1]
3361071	#	1	#	460	#	UNCW	#	http://stats.ncaa.org/team/index/11620?org_id=460	#	[3, 0, 0, 1, 0, 0, 0, 1, 0]	#	[5, 8, 1]
3018633	#	0	#	756	#	Washington	#	http://stats.ncaa.org/team/index/11620?org_id=756	#	[0, 0, 0, 1, 0, 2, 6, 0, 0]	#	[9, 11, 0]
3018633	#	1	#	721	#	Air Force	#	http://stats.ncaa.org/team/index/11620?org_id=721	#	[0, 0, 0, 3, 0, 4, 2, 5, 0]	#	[14, 14, 5]
3090093	#	0	#	201	#	Eastern Ill.	#	http://stats.ncaa.org/team/index/11620?org_id=201	#	[0, 0, 0, 0, 0, 0, 0, 3, 0]	#	[3, 7, 2]
3090093	#	1	#	31	#	Arkansas	#	http://stats.ncaa.org/team/index/11620?org_id=31	#	[0, 0, 0, 0, 2, 0, 1, 5, 0]	#	[8, 10, 0]
3258741	#	0	#	28600	#	Lipscomb	#	http://stats.ncaa.org/team/index/11620?org_id=28600	#	[1, 0, 0, 0, 2, 0, 2, 6, 0]	#	[11, 14, 0]
3258741	#	1	#	10411	#	USC Upstate	#	http://stats.ncaa.org/team/index/11620?org_id=10411	#	[0, 0, 0, 0, 0, 0, 0, 0, 0]	#	[0, 6, 2]
3300468	#	0	#	315	#	Jacksonville St.	#	http://stats.ncaa.org/team/index/11620?org_id=315	#	[1, 0, 0, 0, 1, 0, 0, 0, 1]	#	[3, 12, 2]
3300468	#	1	#	473	#	New Mexico	#	http://stats.ncaa.org/team/index/11620?org_id=473	#	[1, 0, 0, 0, 1, 2, 0, 1, 0]	#	[5, 12, 0]
3379649	#	0	#	128	#	UCF	#	http://stats.ncaa.org/team/index/11620?org_id=128	#	[1, 0, 1, 0, 0, 1, 0, 0, 2]	#	[5, 12, 1]
3379649	#	1	#	164	#	UConn	#	http://stats.ncaa.org/team/index/11620?org_id=164	#	[3, 0, 2, 0, 0, 0, 0, 0, 1]	#	[6, 14, 0]
3314393	#	0	#	61	#	Bethune-Cookman	#	http://stats.ncaa.org/team/index/11620?org_id=61	#	[0, 2, 1, 0, 0, 0, 0, 0, 0]	#	[3, 6, 0]
3314393	#	1	#	489	#	N.C. Central	#	http://stats.ncaa.org/team/index/11620?org_id=489	#	[0, 0, 0, 0, 0, 2, 0, 3, 0]	#	[5, 8, 0]
3361072	#	0	#	756	#	Washington	#	http://stats.ncaa.org/team/index/11620?org_id=756	#	[0, 2, 1, 0, 0, 3, 0, 2, 0]	#	[8, 9, 1]
3361072	#	1	#	732	#	Utah	#	http://stats.ncaa.org/team/index/11620?org_id=732	#	[1, 0, 0, 3, 0, 0, 0, 0, 0]	#	[4, 5, 1]
3090173	#	0	#	201	#	Eastern Ill.	#	http://stats.ncaa.org/team/index/11620?org_id=201	#	[0, 0, 0, 0, 0, 0, 3, 0, 0]	#	[3, 6, 1]
3090173	#	1	#	31	#	Arkansas	#	http://stats.ncaa.org/team/index/11620?org_id=31	#	[0, 0, 2, 0, 0, 0, 2, 4, 0]	#	[8, 10, 1]
3229145	#	0	#	1004	#	Central Ark.	#	http://stats.ncaa.org/team/index/11620?org_id=1004	#	[2, 0, 0, 0, 0, 0, 0, 2, 0]	#	[4, 9, 1]
3229145	#	1	#	26172	#	A&M-Corpus Chris	#	http://stats.ncaa.org/team/index/11620?org_id=26172	#	[0, 0, 2, 0, 0, 0, 0, 0, 0]	#	[2, 8, 0]
3343799	#	0	#	458	#	Charlotte	#	http://stats.ncaa.org/team/index/11620?org_id=458	#	[0, 0, 0, 0, 2, 3, 0, 0, 0]	#	[5, 10, 1]
3343799	#	1	#	706	#	UTSA	#	http://stats.ncaa.org/team/index/11620?org_id=706	#	[0, 0, 0, 0, 0, 0, 0, 1, 1]	#	[2, 8, 0]
3018953	#	0	#	51	#	Baylor	#	http://stats.ncaa.org/team/index/11620?org_id=51	#	[0, 0, 1, 0, 0, 1, 0, 3, 4]	#	[9, 10, 4]
3018953	#	1	#	28	#	Arizona St.	#	http://stats.ncaa.org/team/index/11620?org_id=28	#	[1, 0, 0, 0, 0, 2, 4, 0, 0]	#	[7, 10, 1]
3300472	#	0	#	355	#	Liberty	#	http://stats.ncaa.org/team/index/11620?org_id=355	#	[0, 0, 1, 1, 0, 0, 0, 0, 1]	#	[3, 5, 0]
3300472	#	1	#	392	#	Maryland	#	http://stats.ncaa.org/team/index/11620?org_id=392	#	[1, 0, 1, 0, 0, 5, 0, 1, 0]	#	[8, 9, 1]
3379651	#	0	#	746	#	Virginia	#	http://stats.ncaa.org/team/index/11620?org_id=746	#	[0, 1, 2, 0, 0, 0, 0, 2, 0, 0]	#	[5, 8, 2]
3379651	#	1	#	749	#	Wake Forest	#	http://stats.ncaa.org/team/index/11620?org_id=749	#	[1, 1, 0, 0, 0, 0, 0, 0, 3, 1]	#	[6, 9, 1]
3161485	#	0	#	90	#	Cal Poly	#	http://stats.ncaa.org/team/index/11620?org_id=90	#	[2, 0, 3, 0, 1, 1, 6, 1, 0]	#	[14, 16, 1]
3161485	#	1	#	1356	#	Seattle	#	http://stats.ncaa.org/team/index/11620?org_id=1356	#	[0, 0, 0, 1, 0, 10, 4, 0, 0]	#	[15, 10, 2]
3258786	#	0	#	812	#	Xavier	#	http://stats.ncaa.org/team/index/11620?org_id=812	#	[0, 0, 0, 0, 0, 0, 0, 0, 1]	#	[1, 5, 1]
3258786	#	1	#	367	#	Louisville	#	http://stats.ncaa.org/team/index/11620?org_id=367	#	[0, 1, 1, 5, 0, 1, 0, 0, 0]	#	[8, 11, 2]
3314397	#	0	#	459	#	UNC Greensboro	#	http://stats.ncaa.org/team/index/11620?org_id=459	#	[1, 6, 0, 0, 1, 0, 0, 0, 0]	#	[8, 12, 1]
3314397	#	1	#	253	#	Ga. Southern	#	http://stats.ncaa.org/team/index/11620?org_id=253	#	[4, 0, 3, 0, 0, 0, 0, 0, 0]	#	[7, 8, 1]
3229148	#	0	#	509	#	Northwestern	#	http://stats.ncaa.org/team/index/11620?org_id=509	#	[3, 0, 0, 1, 0, 1, 0, 0, 0]	#	[5, 8, 3]
3229148	#	1	#	83	#	Bucknell	#	http://stats.ncaa.org/team/index/11620?org_id=83	#	[0, 1, 1, 3, 0, 0, 0, 1, 0]	#	[6, 7, 1]
3343800	#	0	#	536	#	Tex.-Pan American	#	http://stats.ncaa.org/team/index/11620?org_id=536	#	[2, 0, 2, 0, 0, 0, 0, 0, 5]	#	[9, 12, 0]
3343800	#	1	#	136	#	Chicago St.	#	http://stats.ncaa.org/team/index/11620?org_id=136	#	[0, 0, 0, 3, 0, 0, 0, 0, 0]	#	[3, 11, 2]
3018973	#	0	#	331	#	Kent St.	#	http://stats.ncaa.org/team/index/11620?org_id=331	#	[0, 0, 1, 0, 0, 0, 0, 0, 0]	#	[1, 7, 2]
3018973	#	1	#	29	#	Arizona	#	http://stats.ncaa.org/team/index/11620?org_id=29	#	[0, 0, 1, 7, 1, 1, 1, 2, 0]	#	[13, 12, 0]
3361074	#	0	#	1014	#	Col. of Charleston	#	http://stats.ncaa.org/team/index/11620?org_id=1014	#	[0, 0, 2, 0, 0, 0, 0, 0, 0]	#	[2, 6, 0]
3361074	#	1	#	460	#	UNCW	#	http://stats.ncaa.org/team/index/11620?org_id=460	#	[2, 0, 0, 0, 0, 0, 0, 1, 0]	#	[3, 7, 0]
3090273	#	0	#	606	#	Saint Joseph's	#	http://stats.ncaa.org/team/index/11620?org_id=606	#	[0, 0, 0, 0, 0, 1, 0, 0, 0]	#	[1, 10, 3]
3090273	#	1	#	523	#	Old Dominion	#	http://stats.ncaa.org/team/index/11620?org_id=523	#	[6, 0, 2, 3, 0, 4, 1, 0, 0]	#	[16, 18, 0]
3300475	#	0	#	306	#	Indiana	#	http://stats.ncaa.org/team/index/11620?org_id=306	#	[5, 3, 0, 1, 0, 0, 1, 0, 4]	#	[14, 17, 1]
3300475	#	1	#	312	#	Iowa	#	http://stats.ncaa.org/team/index/11620?org_id=312	#	[0, 0, 3, 0, 0, 0, 0, 0, 0]	#	[3, 9, 2]
3258843	#	0	#	366	#	Louisiana Tech	#	http://stats.ncaa.org/team/index/11620?org_id=366	#	[1, 0, 0, 0, 0, 0, 1, 0, 0]	#	[2, 10, 1]
3258843	#	1	#	706	#	UTSA	#	http://stats.ncaa.org/team/index/11620?org_id=706	#	[0, 0, 1, 0, 0, 0, 0, 2, 0]	#	[3, 7, 1]
3379653	#	0	#	277	#	Hawaii	#	http://stats.ncaa.org/team/index/11620?org_id=277	#	[0, 0, 0, 0, 0, 0, 2, 0, 0]	#	[2, 7, 0]
3379653	#	1	#	108	#	UC Davis	#	http://stats.ncaa.org/team/index/11620?org_id=108	#	[1, 0, 0, 0, 0, 0, 0, 0, 0]	#	[1, 9, 2]
3161503	#	0	#	553	#	Prairie View	#	http://stats.ncaa.org/team/index/11620?org_id=553	#	[0, 0, 3, 0, 0, 0, 4, 2, 3]	#	[12, 18, 2]
3161503	#	1	#	261	#	Grambling	#	http://stats.ncaa.org/team/index/11620?org_id=261	#	[0, 0, 1, 0, 0, 0, 3, 1, 1]	#	[6, 14, 0]
3314398	#	0	#	444	#	Morehead St.	#	http://stats.ncaa.org/team/index/11620?org_id=444	#	[0, 5, 0, 0, 0, 0, 0, 3, 0]	#	[8, 10, 2]
3314398	#	1	#	306	#	Indiana	#	http://stats.ncaa.org/team/index/11620?org_id=306	#	[2, 0, 0, 0, 1, 0, 0, 0, 4]	#	[7, 11, 0]
3229151	#	0	#	149	#	Coastal Caro.	#	http://stats.ncaa.org/team/index/11620?org_id=149	#	[0, 1, 3, 0, 0, 1, 0, 3, 0]	#	[8, 12, 2]
3229151	#	1	#	19651	#	High Point	#	http://stats.ncaa.org/team/index/11620?org_id=19651	#	[6, 3, 1, 0, 0, 0, 1, 0, 0]	#	[11, 14, 1]
3361076	#	0	#	756	#	Washington	#	http://stats.ncaa.org/team/index/11620?org_id=756	#	[1, 1, 0, 0, 0, 0, 3, 1, 5]	#	[11, 15, 1]
3361076	#	1	#	732	#	Utah	#	http://stats.ncaa.org/team/index/11620?org_id=732	#	[0, 0, 0, 0, 0, 0, 1, 0, 0]	#	[1, 8, 0]
3018993	#	0	#	660	#	SIUE	#	http://stats.ncaa.org/team/index/11620?org_id=660	#	[1, 0, 0, 0, 0, 0, 0, 0, 0]	#	[1, 7, 0]
3018993	#	1	#	782	#	Wichita St.	#	http://stats.ncaa.org/team/index/11620?org_id=782	#	[0, 0, 0, 0, 0, 1, 3, 2, 0]	#	[6, 10, 2]
3314406	#	0	#	28755	#	FGCU	#	http://stats.ncaa.org/team/index/11620?org_id=28755	#	[0, 0, 0, 0, 0, 0, 0, 0, 0]	#	[0, 3, 0]
3314406	#	1	#	316	#	Jacksonville	#	http://stats.ncaa.org/team/index/11620?org_id=316	#	[0, 0, 0, 0, 0, 0, 0, 1, 0]	#	[1, 6, 0]
3090275	#	0	#	198	#	East Tenn. St.	#	http://stats.ncaa.org/team/index/11620?org_id=198	#	[0, 0, 0, 0, 0, 0, 1, 0, 1, 1]	#	[3, 6, 1]
3090275	#	1	#	37	#	Auburn	#	http://stats.ncaa.org/team/index/11620?org_id=37	#	[0, 0, 0, 2, 0, 0, 0, 0, 0, 0]	#	[2, 8, 1]
3300485	#	0	#	315	#	Jacksonville St.	#	http://stats.ncaa.org/team/index/11620?org_id=315	#	[0, 1, 0, 0, 0, 0, 1, 0, 0]	#	[2, 6, 1]
3300485	#	1	#	473	#	New Mexico	#	http://stats.ncaa.org/team/index/11620?org_id=473	#	[0, 4, 0, 0, 0, 0, 4, 0, 0]	#	[8, 11, 3]
3161663	#	0	#	735	#	Valparaiso	#	http://stats.ncaa.org/team/index/11620?org_id=735	#	[0, 0, 1, 2, 0, 1, 0]	#	[4, 6, 1]
3161663	#	1	#	26172	#	A&M-Corpus Chris	#	http://stats.ncaa.org/team/index/11620?org_id=26172	#	[0, 0, 0, 0, 0, 0, 0]	#	[0, 4, 1]
3258864	#	0	#	306	#	Indiana	#	http://stats.ncaa.org/team/index/11620?org_id=306	#	[0, 0, 1, 0, 1, 0, 2, 2, 0]	#	[6, 15, 2]
3258864	#	1	#	518	#	Ohio St.	#	http://stats.ncaa.org/team/index/11620?org_id=518	#	[0, 0, 0, 0, 0, 1, 0, 0, 3]	#	[4, 8, 0]
3379659	#	0	#	625	#	Samford	#	http://stats.ncaa.org/team/index/11620?org_id=625	#	[0, 0, 0, 0, 2, 0, 0, 0, 0]	#	[2, 6, 2]
3379659	#	1	#	2915	#	Wofford	#	http://stats.ncaa.org/team/index/11620?org_id=2915	#	[0, 0, 0, 0, 0, 0, 0, 0, 0]	#	[0, 2, 1]
3343801	#	0	#	518	#	Ohio St.	#	http://stats.ncaa.org/team/index/11620?org_id=518	#	[0, 3, 0, 0, 0, 0, 0, 0, 0, 0, 0, 0, 0]	#	[3, 9, 1]
3343801	#	1	#	559	#	Purdue	#	http://stats.ncaa.org/team/index/11620?org_id=559	#	[0, 0, 0, 0, 3, 0, 0, 0, 0, 0, 0, 0, 1]	#	[4, 11, 2]
3229158	#	0	#	17	#	Alcorn	#	http://stats.ncaa.org/team/index/11620?org_id=17	#	[1, 1, 0, 0, 0, 0, 0, 0, 0]	#	[2, 5, 8]
3229158	#	1	#	2915	#	Wofford	#	http://stats.ncaa.org/team/index/11620?org_id=2915	#	[2, 2, 1, 0, 0, 7, 0, 0, 0]	#	[12, 10, 1]
3018994	#	0	#	202	#	Eastern Ky.	#	http://stats.ncaa.org/team/index/11620?org_id=202	#	[0, 1, 3, 0, 0, 0, 0, 2, 2]	#	[8, 12, 3]
3018994	#	1	#	7	#	Alabama St.	#	http://stats.ncaa.org/team/index/11620?org_id=7	#	[0, 0, 0, 0, 0, 0, 0, 1, 1]	#	[2, 6, 0]
3361079	#	0	#	1014	#	Col. of Charleston	#	http://stats.ncaa.org/team/index/11620?org_id=1014	#	[1, 0, 0, 2, 0, 0, 1, 3, 0]	#	[7, 9, 1]
3361079	#	1	#	460	#	UNCW	#	http://stats.ncaa.org/team/index/11620?org_id=460	#	[2, 0, 0, 0, 0, 0, 0, 0, 2]	#	[4, 8, 3]
3314416	#	0	#	1004	#	Central Ark.	#	http://stats.ncaa.org/team/index/11620?org_id=1004	#	[0, 0, 1, 3, 0, 0, 0, 0, 0]	#	[4, 6, 2]
3314416	#	1	#	483	#	Nicholls St.	#	http://stats.ncaa.org/team/index/11620?org_id=483	#	[1, 0, 0, 0, 0, 0, 0, 1, 1]	#	[3, 5, 1]
3258865	#	0	#	202	#	Eastern Ky.	#	http://stats.ncaa.org/team/index/11620?org_id=202	#	[0, 0, 0, 0, 0, 0, 1, 0, 1]	#	[2, 7, 3]
3258865	#	1	#	219	#	Evansville	#	http://stats.ncaa.org/team/index/11620?org_id=219	#	[2, 1, 2, 3, 0, 0, 0, 0, 0]	#	[8, 13, 0]
3379661	#	0	#	509	#	Northwestern	#	http://stats.ncaa.org/team/index/11620?org_id=509	#	[1, 0, 0, 0, 0, 0, 3, 0, 2]	#	[6, 10, 1]
3379661	#	1	#	518	#	Ohio St.	#	http://stats.ncaa.org/team/index/11620?org_id=518	#	[0, 0, 0, 0, 0, 2, 0, 0, 0]	#	[2, 4, 0]
3343826	#	0	#	498	#	La.-Monroe	#	http://stats.ncaa.org/team/index/11620?org_id=498	#	[3, 0, 0, 0, 1, 0, 0, 0, 0]	#	[4, 4, 0]
3343826	#	1	#	646	#	South Ala.	#	http://stats.ncaa.org/team/index/11620?org_id=646	#	[0, 1, 2, 4, 0, 0, 0, 0, 0]	#	[7, 10, 0]
3229162	#	0	#	465	#	UNLV	#	http://stats.ncaa.org/team/index/11620?org_id=465	#	[0, 0, 0, 0, 0, 0, 0, 2, 0]	#	[2, 6, 1]
3229162	#	1	#	630	#	San Jose St.	#	http://stats.ncaa.org/team/index/11620?org_id=630	#	[1, 0, 0, 1, 0, 0, 0, 1, 0]	#	[3, 8, 0]
3090278	#	0	#	272	#	Hartford	#	http://stats.ncaa.org/team/index/11620?org_id=272	#	[0, 1, 0, 0, 0, 0, 0, 2, 0]	#	[3, 11, 2]
3090278	#	1	#	251	#	Georgetown	#	http://stats.ncaa.org/team/index/11620?org_id=251	#	[2, 4, 0, 0, 0, 0, 0, 0, 0]	#	[6, 7, 1]
3300486	#	0	#	315	#	Jacksonville St.	#	http://stats.ncaa.org/team/index/11620?org_id=315	#	[0, 0, 4, 0, 1, 0, 0, 3, 1]	#	[9, 19, 0]
3300486	#	1	#	473	#	New Mexico	#	http://stats.ncaa.org/team/index/11620?org_id=473	#	[0, 0, 0, 0, 0, 0, 0, 0, 2]	#	[2, 5, 1]
3161687	#	0	#	108	#	UC Davis	#	http://stats.ncaa.org/team/index/11620?org_id=108	#	[0, 2, 0, 0, 0, 1, 1, 0, 1]	#	[5, 13, 0]
3161687	#	1	#	630	#	San Jose St.	#	http://stats.ncaa.org/team/index/11620?org_id=630	#	[0, 0, 0, 0, 2, 0, 0, 0, 0]	#	[2, 5, 0]
3018995	#	0	#	2678	#	Ark.-Pine Bluff	#	http://stats.ncaa.org/team/index/11620?org_id=2678	#	[0, 0, 0, 0, 0, 0, 0, 0, 0]	#	[0, 5, 1]
3018995	#	1	#	718	#	Tulane	#	http://stats.ncaa.org/team/index/11620?org_id=718	#	[2, 1, 2, 0, 2, 0, 0, 0, 0]	#	[7, 9, 0]
3361081	#	0	#	756	#	Washington	#	http://stats.ncaa.org/team/index/11620?org_id=756	#	[4, 0, 2, 4, 0, 1, 2, 5, 3]	#	[21, 23, 0]
3361081	#	1	#	732	#	Utah	#	http://stats.ncaa.org/team/index/11620?org_id=732	#	[1, 0, 0, 7, 3, 1, 4, 1, 0]	#	[17, 19, 1]
3314425	#	0	#	792	#	Winthrop	#	http://stats.ncaa.org/team/index/11620?org_id=792	#	[0, 0, 1, 0, 0, 5, 0, 0, 0]	#	[6, 8, 3]
3314425	#	1	#	1320	#	Presbyterian	#	http://stats.ncaa.org/team/index/11620?org_id=1320	#	[0, 1, 0, 1, 1, 1, 0, 0, 0]	#	[4, 14, 2]
3258883	#	0	#	651	#	South Fla.	#	http://stats.ncaa.org/team/index/11620?org_id=651	#	[0, 2, 0, 0, 0, 0, 0, 0, 0]	#	[2, 4, 0]
3258883	#	1	#	140	#	Cincinnati	#	http://stats.ncaa.org/team/index/11620?org_id=140	#	[0, 0, 0, 0, 0, 0, 0, 0, 1]	#	[1, 4, 1]
3343829	#	0	#	87	#	Butler	#	http://stats.ncaa.org/team/index/11620?org_id=87	#	[0, 1, 0, 0, 0, 0, 0, 0, 0]	#	[1, 10, 2]
3343829	#	1	#	169	#	Creighton	#	http://stats.ncaa.org/team/index/11620?org_id=169	#	[4, 2, 1, 1, 0, 0, 0, 0, 0]	#	[8, 6, 0]
3379663	#	0	#	77	#	BYU	#	http://stats.ncaa.org/team/index/11620?org_id=77	#	[2, 0, 0, 0, 0, 2, 0, 2, 0]	#	[6, 12, 1]
3379663	#	1	#	551	#	Portland	#	http://stats.ncaa.org/team/index/11620?org_id=551	#	[0, 0, 0, 0, 0, 0, 0, 3, 0]	#	[3, 5, 3]
3229223	#	0	#	718	#	Tulane	#	http://stats.ncaa.org/team/index/11620?org_id=718	#	[0, 0, 0, 0, 0, 0, 1, 1, 0]	#	[2, 4, 1]
3229223	#	1	#	196	#	East Carolina	#	http://stats.ncaa.org/team/index/11620?org_id=196	#	[0, 0, 0, 0, 0, 2, 0, 3, 0]	#	[5, 9, 0]
3090285	#	0	#	327	#	Kansas St.	#	http://stats.ncaa.org/team/index/11620?org_id=327	#	[2, 0, 0, 0, 0, 1, 0, 0, 0]	#	[3, 4, 6]
3090285	#	1	#	610	#	St. Mary's (CA)	#	http://stats.ncaa.org/team/index/11620?org_id=610	#	[0, 0, 1, 1, 0, 0, 5, 0, 0]	#	[7, 10, 2]
3300516	#	0	#	465	#	UNLV	#	http://stats.ncaa.org/team/index/11620?org_id=465	#	[0, 0, 5, 0, 1, 0, 0, 0, 1]	#	[7, 10, 0]
3300516	#	1	#	96	#	Fresno St.	#	http://stats.ncaa.org/team/index/11620?org_id=96	#	[0, 0, 0, 0, 0, 0, 0, 0, 0]	#	[0, 5, 0]
3161697	#	0	#	513	#	Notre Dame	#	http://stats.ncaa.org/team/index/11620?org_id=513	#	[0, 0, 1, 0, 0, 2, 0, 0, 0]	#	[3, 10, 1]
3161697	#	1	#	490	#	North Carolina St.	#	http://stats.ncaa.org/team/index/11620?org_id=490	#	[0, 0, 0, 0, 1, 2, 0, 2, 0]	#	[5, 9, 1]
3361082	#	0	#	51	#	Baylor	#	http://stats.ncaa.org/team/index/11620?org_id=51	#	[3, 0, 2, 3, 1, 0, 1, 0, 0]	#	[10, 16, 0]
3361082	#	1	#	522	#	Oklahoma	#	http://stats.ncaa.org/team/index/11620?org_id=522	#	[2, 2, 0, 1, 0, 0, 0, 0, 0]	#	[5, 12, 2]
3019013	#	0	#	27	#	Appalachian St.	#	http://stats.ncaa.org/team/index/11620?org_id=27	#	[0, 0, 0, 0, 0, 0, 0, 2, 0]	#	[2, 4, 1]
3019013	#	1	#	31	#	Arkansas	#	http://stats.ncaa.org/team/index/11620?org_id=31	#	[3, 0, 2, 3, 3, 0, 0, 1, 0]	#	[12, 13, 1]
3314426	#	0	#	149	#	Coastal Caro.	#	http://stats.ncaa.org/team/index/11620?org_id=149	#	[1, 3, 2, 1, 0, 0, 0, 0, 2]	#	[9, 12, 0]
3314426	#	1	#	563	#	Radford	#	http://stats.ncaa.org/team/index/11620?org_id=563	#	[0, 0, 0, 2, 0, 0, 0, 1, 0]	#	[3, 11, 0]
3258887	#	0	#	1157	#	Kennesaw St.	#	http://stats.ncaa.org/team/index/11620?org_id=1157	#	[0, 3, 0, 0, 3, 2, 0, 1, 1]	#	[10, 18, 3]
3258887	#	1	#	316	#	Jacksonville	#	http://stats.ncaa.org/team/index/11620?org_id=316	#	[0, 1, 0, 0, 0, 1, 0, 2, 0]	#	[4, 9, 2]
3379664	#	0	#	77	#	BYU	#	http://stats.ncaa.org/team/index/11620?org_id=77	#	[0, 1, 4, 0, 0, 2, 3, 1, 0]	#	[11, 14, 1]
3379664	#	1	#	551	#	Portland	#	http://stats.ncaa.org/team/index/11620?org_id=551	#	[0, 0, 1, 0, 0, 0, 0, 0, 0]	#	[1, 8, 4]
3343839	#	0	#	562	#	Quinnipiac	#	http://stats.ncaa.org/team/index/11620?org_id=562	#	[2, 0, 0, 0, 0, 0, 0, 1, 0]	#	[3, 8, 1]
3343839	#	1	#	563	#	Radford	#	http://stats.ncaa.org/team/index/11620?org_id=563	#	[1, 0, 0, 3, 0, 0, 3, 4, 0]	#	[11, 12, 1]
3019033	#	0	#	316	#	Jacksonville	#	http://stats.ncaa.org/team/index/11620?org_id=316	#	[0, 0, 0, 0, 0, 0, 0, 0, 0]	#	[0, 3, 0]
3019033	#	1	#	698	#	TCU	#	http://stats.ncaa.org/team/index/11620?org_id=698	#	[2, 1, 0, 0, 0, 0, 2, 0, 0]	#	[5, 9, 1]
3361084	#	0	#	10411	#	USC Upstate	#	http://stats.ncaa.org/team/index/11620?org_id=10411	#	[0, 0, 0, 0, 2, 0, 0, 0, 2]	#	[4, 9, 0]
3361084	#	1	#	198	#	East Tenn. St.	#	http://stats.ncaa.org/team/index/11620?org_id=198	#	[1, 0, 5, 0, 0, 0, 1, 1, 0]	#	[8, 16, 0]
3314427	#	0	#	439	#	Monmouth	#	http://stats.ncaa.org/team/index/11620?org_id=439	#	[0, 0, 0, 0, 2, 0, 0, 0, 1]	#	[3, 8, 1]
3314427	#	1	#	554	#	Princeton	#	http://stats.ncaa.org/team/index/11620?org_id=554	#	[0, 0, 0, 0, 0, 0, 0, 0, 0]	#	[0, 5, 2]
3090293	#	0	#	11416	#	Colorado Mesa	#	http://stats.ncaa.org/team/index/11620?org_id=11416	#	[0, 0, 1, 0, 0, 1, 1, 0, 0]	#	[3, 6, 2]
3090293	#	1	#	502	#	Northern Colo.	#	http://stats.ncaa.org/team/index/11620?org_id=502	#	[3, 0, 0, 0, 1, 0, 1, 0, 0]	#	[5, 8, 1]
3229484	#	0	#	756	#	Washington	#	http://stats.ncaa.org/team/index/11620?org_id=756	#	[2, 1, 0, 0, 0, 0, 0, 0, 0, 0, 1]	#	[4, 5, 1]
3229484	#	1	#	28	#	Arizona St.	#	http://stats.ncaa.org/team/index/11620?org_id=28	#	[1, 0, 0, 0, 0, 0, 0, 0, 2, 0, 0]	#	[3, 10, 3]
3300518	#	0	#	248	#	George Mason	#	http://stats.ncaa.org/team/index/11620?org_id=248	#	[0, 0, 2, 3, 2, 0, 2, 0, 1]	#	[10, 14, 2]
3300518	#	1	#	249	#	George Washington	#	http://stats.ncaa.org/team/index/11620?org_id=249	#	[0, 0, 0, 0, 0, 2, 1, 0, 0]	#	[3, 8, 0]
3161783	#	0	#	464	#	Omaha	#	http://stats.ncaa.org/team/index/11620?org_id=464	#	[0, 0, 0, 0, 0, 0, 0]	#	[0, 4, 1]
3161783	#	1	#	1104	#	Grand Canyon	#	http://stats.ncaa.org/team/index/11620?org_id=1104	#	[8, 0, 2, 0, 4, 0, 0]	#	[14, 16, 0]
3258888	#	0	#	697	#	Texas A&M	#	http://stats.ncaa.org/team/index/11620?org_id=697	#	[0, 0, 2, 0, 0, 0, 0, 0, 0]	#	[2, 8, 2]
3258888	#	1	#	257	#	Georgia	#	http://stats.ncaa.org/team/index/11620?org_id=257	#	[2, 0, 0, 0, 0, 0, 0, 0, 1]	#	[3, 5, 0]
3343842	#	0	#	742	#	Virginia Tech	#	http://stats.ncaa.org/team/index/11620?org_id=742	#	[0, 0, 0, 0, 0, 2, 0, 0, 0]	#	[2, 7, 1]
3343842	#	1	#	457	#	North Carolina	#	http://stats.ncaa.org/team/index/11620?org_id=457	#	[0, 0, 0, 0, 0, 2, 0, 1, 0]	#	[3, 4, 1]
3379665	#	0	#	2711	#	North Florida	#	http://stats.ncaa.org/team/index/11620?org_id=2711	#	[1, 0, 0, 0, 0, 0, 0, 0, 3]	#	[4, 14, 2]
3379665	#	1	#	1157	#	Kennesaw St.	#	http://stats.ncaa.org/team/index/11620?org_id=1157	#	[0, 2, 0, 0, 2, 0, 0, 0, 1]	#	[5, 13, 1]
3019057	#	0	#	500	#	Northeastern	#	http://stats.ncaa.org/team/index/11620?org_id=500	#	[0, 2, 0, 0, 0, 0, 0, 0, 0]	#	[2, 7, 3]
3019057	#	1	#	697	#	Texas A&M	#	http://stats.ncaa.org/team/index/11620?org_id=697	#	[3, 1, 0, 5, 0, 0, 1, 0, 0]	#	[10, 12, 1]
3300523	#	0	#	101	#	CSUN	#	http://stats.ncaa.org/team/index/11620?org_id=101	#	[3, 1, 2, 1, 0, 0, 0, 0, 0]	#	[7, 14, 0]
3300523	#	1	#	111	#	UC Riverside	#	http://stats.ncaa.org/team/index/11620?org_id=111	#	[0, 0, 0, 0, 0, 0, 1, 0, 0]	#	[1, 6, 1]
3258903	#	0	#	299	#	Illinois St.	#	http://stats.ncaa.org/team/index/11620?org_id=299	#	[0, 0, 1, 0, 1, 0, 0, 2, 1]	#	[5, 9, 3]
3258903	#	1	#	305	#	Indiana St.	#	http://stats.ncaa.org/team/index/11620?org_id=305	#	[0, 1, 0, 0, 0, 0, 0, 0, 1]	#	[2, 5, 1]
3361087	#	0	#	10411	#	USC Upstate	#	http://stats.ncaa.org/team/index/11620?org_id=10411	#	[1, 0, 0, 0, 0, 1, 0, 0, 0]	#	[2, 10, 1]
3361087	#	1	#	198	#	East Tenn. St.	#	http://stats.ncaa.org/team/index/11620?org_id=198	#	[0, 0, 0, 0, 2, 0, 0, 0, 1]	#	[3, 6, 0]
3161803	#	0	#	493	#	North Dakota St.	#	http://stats.ncaa.org/team/index/11620?org_id=493	#	[1, 0, 0, 2, 0, 0, 2, 0, 3]	#	[8, 13, 1]
3161803	#	1	#	502	#	Northern Colo.	#	http://stats.ncaa.org/team/index/11620?org_id=502	#	[0, 1, 0, 0, 0, 0, 0, 1, 2]	#	[4, 13, 3]
3343843	#	0	#	1045	#	Dallas Baptist	#	http://stats.ncaa.org/team/index/11620?org_id=1045	#	[0, 0, 0, 0, 0, 0, 1, 1, 3]	#	[5, 6, 2]
3343843	#	1	#	305	#	Indiana St.	#	http://stats.ncaa.org/team/index/11620?org_id=305	#	[3, 0, 0, 1, 2, 0, 0, 0, 0]	#	[6, 10, 2]
3314475	#	0	#	536	#	Tex.-Pan American	#	http://stats.ncaa.org/team/index/11620?org_id=536	#	[0, 0, 2, 0, 0, 0, 0, 7, 2]	#	[11, 12, 2]
3314475	#	1	#	30024	#	Utah Valley	#	http://stats.ncaa.org/team/index/11620?org_id=30024	#	[0, 1, 1, 1, 0, 5, 0, 6, 0]	#	[14, 16, 4]
3379684	#	0	#	654	#	Southeast Mo. St.	#	http://stats.ncaa.org/team/index/11620?org_id=654	#	[1, 0, 1, 0, 0, 1, 0, 1, 2]	#	[6, 8, 2]
3379684	#	1	#	308	#	IPFW	#	http://stats.ncaa.org/team/index/11620?org_id=308	#	[0, 0, 0, 0, 0, 2, 1, 0, 0]	#	[3, 4, 2]
3229603	#	0	#	127	#	Central Conn. St.	#	http://stats.ncaa.org/team/index/11620?org_id=127	#	[0, 2, 5, 0, 0, 0, 0, 1, 0]	#	[8, 11, 0]
3229603	#	1	#	128	#	UCF	#	http://stats.ncaa.org/team/index/11620?org_id=128	#	[0, 4, 1, 0, 3, 0, 0, 0, 1]	#	[9, 13, 1]
3090353	#	0	#	272	#	Hartford	#	http://stats.ncaa.org/team/index/11620?org_id=272	#	[0, 1, 1, 0, 3, 0, 0, 0, 1, 4, 0]	#	[10, 17, 3]
3090353	#	1	#	251	#	Georgetown	#	http://stats.ncaa.org/team/index/11620?org_id=251	#	[0, 3, 2, 0, 1, 0, 0, 0, 0, 4, 1]	#	[11, 14, 6]
3019058	#	0	#	768	#	West Virginia	#	http://stats.ncaa.org/team/index/11620?org_id=768	#	[1, 1, 2, 1, 0, 0, 1, 0, 0, 0]	#	[6, 10, 1]
3019058	#	1	#	367	#	Louisville	#	http://stats.ncaa.org/team/index/11620?org_id=367	#	[0, 1, 0, 0, 1, 2, 0, 2, 0, 1]	#	[7, 8, 3]
3258906	#	0	#	391	#	UMBC	#	http://stats.ncaa.org/team/index/11620?org_id=391	#	[0, 0, 0, 0, 0, 0, 2, 1, 0]	#	[3, 8, 2]
3258906	#	1	#	196	#	East Carolina	#	http://stats.ncaa.org/team/index/11620?org_id=196	#	[0, 0, 0, 1, 2, 5, 2, 3, 0]	#	[13, 18, 0]
3343864	#	0	#	101	#	CSUN	#	http://stats.ncaa.org/team/index/11620?org_id=101	#	[0, 0, 1, 0, 0, 0, 1, 0, 0]	#	[2, 10, 3]
3343864	#	1	#	698	#	TCU	#	http://stats.ncaa.org/team/index/11620?org_id=698	#	[1, 0, 1, 0, 0, 1, 3, 0, 0]	#	[6, 6, 2]
3300525	#	0	#	107	#	California	#	http://stats.ncaa.org/team/index/11620?org_id=107	#	[0, 1, 0, 0, 0, 0, 0, 1, 3, 0]	#	[5, 10, 1]
3300525	#	1	#	754	#	Washington St.	#	http://stats.ncaa.org/team/index/11620?org_id=754	#	[1, 0, 0, 0, 1, 1, 0, 0, 2, 1]	#	[6, 13, 0]
3314480	#	0	#	471	#	NJIT	#	http://stats.ncaa.org/team/index/11620?org_id=471	#	[0, 0, 2, 0, 0, 0, 0, 0, 0]	#	[2, 8, 2]
3314480	#	1	#	590	#	Sacred Heart	#	http://stats.ncaa.org/team/index/11620?org_id=590	#	[2, 1, 1, 0, 0, 0, 1, 3, 0]	#	[8, 11, 1]
3361089	#	0	#	10411	#	USC Upstate	#	http://stats.ncaa.org/team/index/11620?org_id=10411	#	[0, 0, 0, 0, 0, 0, 1, 0, 1]	#	[2, 10, 1]
3361089	#	1	#	198	#	East Tenn. St.	#	http://stats.ncaa.org/team/index/11620?org_id=198	#	[0, 0, 0, 0, 1, 0, 1, 3, 0]	#	[5, 7, 1]
3379686	#	0	#	706	#	UTSA	#	http://stats.ncaa.org/team/index/11620?org_id=706	#	[0, 0, 0, 0, 0, 1, 0, 1, 0]	#	[2, 4, 1]
3379686	#	1	#	196	#	East Carolina	#	http://stats.ncaa.org/team/index/11620?org_id=196	#	[0, 1, 0, 0, 0, 0, 0, 0, 0]	#	[1, 4, 2]
3229643	#	0	#	465	#	UNLV	#	http://stats.ncaa.org/team/index/11620?org_id=465	#	[0, 0, 0, 1, 0, 1, 0, 0, 0]	#	[2, 9, 2]
3229643	#	1	#	630	#	San Jose St.	#	http://stats.ncaa.org/team/index/11620?org_id=630	#	[0, 0, 1, 0, 0, 0, 0, 0, 0]	#	[1, 3, 1]
3019093	#	0	#	529	#	Oregon	#	http://stats.ncaa.org/team/index/11620?org_id=529	#	[0, 0, 0, 2, 0, 0, 0, 0, 1]	#	[3, 3, 2]
3019093	#	1	#	277	#	Hawaii	#	http://stats.ncaa.org/team/index/11620?org_id=277	#	[0, 0, 0, 0, 2, 0, 0, 0, 0]	#	[2, 5, 3]
3161804	#	0	#	1004	#	Central Ark.	#	http://stats.ncaa.org/team/index/11620?org_id=1004	#	[1, 0, 0, 0, 0, 0, 0, 0, 0, 0, 0, 0, 0, 0, 0, 0, 3]	#	[4, 5, 4]
3161804	#	1	#	404	#	Memphis	#	http://stats.ncaa.org/team/index/11620?org_id=404	#	[0, 0, 1, 0, 0, 0, 0, 0, 0, 0, 0, 0, 0, 0, 0, 0, 1]	#	[2, 7, 4]
3258907	#	0	#	391	#	UMBC	#	http://stats.ncaa.org/team/index/11620?org_id=391	#	[0, 0, 0, 0, 0, 0, 0, 0, 0]	#	[0, 6, 1]
3258907	#	1	#	196	#	East Carolina	#	http://stats.ncaa.org/team/index/11620?org_id=196	#	[0, 2, 1, 3, 0, 0, 0, 0, 0]	#	[6, 11, 0]
3343883	#	0	#	8	#	Alabama	#	http://stats.ncaa.org/team/index/11620?org_id=8	#	[1, 0, 1, 0, 0, 0, 0, 0, 1]	#	[3, 11, 2]
3343883	#	1	#	648	#	South Carolina	#	http://stats.ncaa.org/team/index/11620?org_id=648	#	[2, 0, 0, 4, 0, 0, 0, 3, 0]	#	[9, 10, 1]
3090536	#	0	#	489	#	N.C. Central	#	http://stats.ncaa.org/team/index/11620?org_id=489	#	[3, 0, 0, 0, 0, 0, 0, 0, 0, 0, 5, 0, 0]	#	[8, 13, 2]
3090536	#	1	#	1320	#	Presbyterian	#	http://stats.ncaa.org/team/index/11620?org_id=1320	#	[0, 0, 2, 1, 0, 0, 0, 0, 0, 0, 5, 0, 0]	#	[8, 14, 0]
3019113	#	0	#	327	#	Kansas St.	#	http://stats.ncaa.org/team/index/11620?org_id=327	#	[0, 0, 0, 0, 0, 0, 0, 0, 0]	#	[0, 2, 1]
3019113	#	1	#	90	#	Cal Poly	#	http://stats.ncaa.org/team/index/11620?org_id=90	#	[0, 0, 0, 0, 0, 3, 0, 0, 0]	#	[3, 7, 1]
3361107	#	0	#	576	#	Rider	#	http://stats.ncaa.org/team/index/11620?org_id=576	#	[1, 0, 0, 0, 0, 0, 0, 3, 0, 0, 0]	#	[4, 11, 0]
3361107	#	1	#	439	#	Monmouth	#	http://stats.ncaa.org/team/index/11620?org_id=439	#	[1, 1, 1, 0, 0, 0, 1, 0, 0, 0, 1]	#	[5, 10, 3]
3229663	#	0	#	315	#	Jacksonville St.	#	http://stats.ncaa.org/team/index/11620?org_id=315	#	[1, 0, 3, 0, 0, 0, 0, 0, 1]	#	[5, 7, 1]
3229663	#	1	#	660	#	SIUE	#	http://stats.ncaa.org/team/index/11620?org_id=660	#	[0, 0, 0, 0, 0, 0, 0, 0, 2]	#	[2, 9, 2]
3379687	#	0	#	456	#	UNC Asheville	#	http://stats.ncaa.org/team/index/11620?org_id=456	#	[1, 0, 0, 0, 0, 0, 0, 1, 0]	#	[2, 4, 2]
3379687	#	1	#	19651	#	High Point	#	http://stats.ncaa.org/team/index/11620?org_id=19651	#	[2, 0, 0, 0, 1, 0, 6, 0, 0]	#	[9, 14, 1]
3300528	#	0	#	342	#	Lafayette	#	http://stats.ncaa.org/team/index/11620?org_id=342	#	[0, 0, 0, 0, 0, 0, 0, 1, 0]	#	[1, 6, 2]
3300528	#	1	#	725	#	Army	#	http://stats.ncaa.org/team/index/11620?org_id=725	#	[2, 0, 0, 0, 0, 3, 3, 1, 0]	#	[9, 12, 2]
3314481	#	0	#	127	#	Central Conn. St.	#	http://stats.ncaa.org/team/index/11620?org_id=127	#	[0, 0, 0, 1, 0, 2, 0, 0, 0]	#	[3, 6, 0]
3314481	#	1	#	81	#	Bryant	#	http://stats.ncaa.org/team/index/11620?org_id=81	#	[1, 0, 0, 0, 0, 0, 0, 0, 0]	#	[1, 9, 1]
3161824	#	0	#	14927	#	Belmont	#	http://stats.ncaa.org/team/index/11620?org_id=14927	#	[1, 0, 1, 0, 0, 0, 0, 1, 0]	#	[3, 6, 2]
3161824	#	1	#	654	#	Southeast Mo. St.	#	http://stats.ncaa.org/team/index/11620?org_id=654	#	[0, 4, 0, 0, 0, 1, 0, 1, 0]	#	[6, 10, 0]
3258923	#	0	#	48	#	Charleston So.	#	http://stats.ncaa.org/team/index/11620?org_id=48	#	[0, 3, 0, 0, 0, 0, 0, 0, 0]	#	[3, 10, 2]
3258923	#	1	#	149	#	Coastal Caro.	#	http://stats.ncaa.org/team/index/11620?org_id=149	#	[0, 0, 0, 0, 2, 3, 1, 1, 0]	#	[7, 11, 1]
3343904	#	0	#	1068	#	Elon	#	http://stats.ncaa.org/team/index/11620?org_id=1068	#	[0, 0, 0, 0, 0, 0, 0, 1, 0]	#	[1, 7, 0]
3343904	#	1	#	459	#	UNC Greensboro	#	http://stats.ncaa.org/team/index/11620?org_id=459	#	[0, 1, 0, 0, 0, 2, 2, 0, 0]	#	[5, 9, 0]
3090553	#	0	#	201	#	Eastern Ill.	#	http://stats.ncaa.org/team/index/11620?org_id=201	#	[0, 0, 0, 0, 0, 0, 0, 0, 2]	#	[2, 6, 1]
3090553	#	1	#	31	#	Arkansas	#	http://stats.ncaa.org/team/index/11620?org_id=31	#	[0, 0, 2, 1, 3, 0, 0, 0, 0]	#	[6, 4, 2]
3019133	#	0	#	433	#	Ole Miss	#	http://stats.ncaa.org/team/index/11620?org_id=433	#	[1, 0, 5, 0, 0, 0, 1, 0, 0]	#	[7, 9, 0]
3019133	#	1	#	678	#	Stetson	#	http://stats.ncaa.org/team/index/11620?org_id=678	#	[0, 0, 0, 0, 0, 0, 0, 0, 0]	#	[0, 6, 3]
3314503	#	0	#	471	#	NJIT	#	http://stats.ncaa.org/team/index/11620?org_id=471	#	[0, 0, 0, 2, 0, 0, 1]	#	[3, 8, 2]
3314503	#	1	#	590	#	Sacred Heart	#	http://stats.ncaa.org/team/index/11620?org_id=590	#	[1, 0, 0, 2, 4, 1, 0]	#	[8, 11, 1]
3161863	#	0	#	228	#	Florida A&M	#	http://stats.ncaa.org/team/index/11620?org_id=228	#	[0, 0, 4, 0, 0, 3, 1, 2, 0]	#	[10, 15, 0]
3161863	#	1	#	632	#	Savannah St.	#	http://stats.ncaa.org/team/index/11620?org_id=632	#	[1, 0, 0, 0, 0, 0, 3, 3, 0]	#	[7, 13, 2]
3361130	#	0	#	312	#	Iowa	#	http://stats.ncaa.org/team/index/11620?org_id=312	#	[2, 1, 0, 3, 5, 2, 4, 0, 0]	#	[17, 17, 1]
3361130	#	1	#	518	#	Ohio St.	#	http://stats.ncaa.org/team/index/11620?org_id=518	#	[1, 0, 0, 0, 0, 0, 0, 1, 0]	#	[2, 9, 4]
3343906	#	0	#	670	#	Texas St.	#	http://stats.ncaa.org/team/index/11620?org_id=670	#	[0, 1, 1, 1, 0, 1, 2, 0, 0]	#	[6, 12, 1]
3343906	#	1	#	671	#	La.-Lafayette	#	http://stats.ncaa.org/team/index/11620?org_id=671	#	[0, 1, 0, 2, 3, 0, 2, 0, 0]	#	[8, 10, 0]
3300537	#	0	#	674	#	Stanford	#	http://stats.ncaa.org/team/index/11620?org_id=674	#	[0, 0, 1, 0, 0, 0, 0, 0, 0]	#	[1, 10, 0]
3300537	#	1	#	528	#	Oregon St.	#	http://stats.ncaa.org/team/index/11620?org_id=528	#	[2, 0, 0, 0, 0, 0, 0, 0, 0]	#	[2, 6, 0]
3379693	#	0	#	494	#	North Dakota	#	http://stats.ncaa.org/team/index/11620?org_id=494	#	[0, 0, 0, 0, 0, 0, 0, 1, 1]	#	[2, 7, 3]
3379693	#	1	#	102	#	Sacramento St.	#	http://stats.ncaa.org/team/index/11620?org_id=102	#	[0, 0, 0, 1, 1, 4, 0, 2, 0]	#	[8, 14, 0]
3258944	#	0	#	2743	#	Incarnate Word	#	http://stats.ncaa.org/team/index/11620?org_id=2743	#	[3, 6, 0, 0, 0, 0, 0, 2, 0]	#	[11, 10, 2]
3258944	#	1	#	2	#	Abilene Christian	#	http://stats.ncaa.org/team/index/11620?org_id=2	#	[0, 0, 0, 0, 3, 0, 0, 0, 0]	#	[3, 8, 3]
3229705	#	0	#	305	#	Indiana St.	#	http://stats.ncaa.org/team/index/11620?org_id=305	#	[1, 0, 0, 1, 0, 0, 0, 0, 4]	#	[6, 8, 0]
3229705	#	1	#	460	#	UNCW	#	http://stats.ncaa.org/team/index/11620?org_id=460	#	[0, 0, 0, 1, 0, 0, 0, 0, 0]	#	[1, 8, 1]
3019134	#	0	#	797	#	Milwaukee	#	http://stats.ncaa.org/team/index/11620?org_id=797	#	[0, 0, 0, 0, 0, 0, 0, 4, 0]	#	[4, 5, 2]
3019134	#	1	#	94	#	Bakersfield	#	http://stats.ncaa.org/team/index/11620?org_id=94	#	[1, 4, 0, 0, 1, 0, 2, 0, 0]	#	[8, 10, 1]
3090873	#	0	#	553	#	Prairie View	#	http://stats.ncaa.org/team/index/11620?org_id=553	#	[0, 0, 1, 0, 0, 2, 0, 0, 0]	#	[3, 6, 4]
3090873	#	1	#	536	#	Tex.-Pan American	#	http://stats.ncaa.org/team/index/11620?org_id=536	#	[1, 1, 0, 2, 4, 1, 0, 0, 0]	#	[9, 8, 0]
3314504	#	0	#	178	#	Delaware St.	#	http://stats.ncaa.org/team/index/11620?org_id=178	#	[0, 0, 0, 0, 4, 1, 5, 5]	#	[15, 14, 3]
3314504	#	1	#	165	#	Coppin St.	#	http://stats.ncaa.org/team/index/11620?org_id=165	#	[2, 0, 1, 0, 0, 0, 2, 0]	#	[5, 10, 1]
3161864	#	0	#	67	#	Boston College	#	http://stats.ncaa.org/team/index/11620?org_id=67	#	[0, 0, 1, 0, 0, 0, 1, 0, 0]	#	[2, 5, 1]
3161864	#	1	#	415	#	Miami (FL)	#	http://stats.ncaa.org/team/index/11620?org_id=415	#	[0, 2, 0, 1, 0, 2, 1, 0, 0]	#	[6, 10, 0]
3361133	#	0	#	432	#	Mississippi Val.	#	http://stats.ncaa.org/team/index/11620?org_id=432	#	[0, 0, 0, 0, 0, 0, 0, 1, 1]	#	[2, 6, 4]
3361133	#	1	#	6	#	Alabama A&M	#	http://stats.ncaa.org/team/index/11620?org_id=6	#	[0, 3, 0, 0, 0, 0, 4, 1, 0]	#	[8, 9, 1]
3343907	#	0	#	288	#	Houston	#	http://stats.ncaa.org/team/index/11620?org_id=288	#	[0, 1, 2, 1, 0, 1, 2, 4, 0]	#	[11, 14, 3]
3343907	#	1	#	140	#	Cincinnati	#	http://stats.ncaa.org/team/index/11620?org_id=140	#	[0, 0, 2, 0, 2, 0, 0, 0, 0]	#	[4, 12, 4]
3300538	#	0	#	629	#	San Francisco	#	http://stats.ncaa.org/team/index/11620?org_id=629	#	[0, 4, 0, 0, 0, 0, 0, 0, 0]	#	[4, 8, 1]
3300538	#	1	#	370	#	Loyola Marymount	#	http://stats.ncaa.org/team/index/11620?org_id=370	#	[0, 0, 0, 0, 4, 0, 0, 1, 0]	#	[5, 8, 3]
3229707	#	0	#	457	#	North Carolina	#	http://stats.ncaa.org/team/index/11620?org_id=457	#	[0, 0, 0, 2, 0, 0, 0, 0, 0]	#	[2, 11, 0]
3229707	#	1	#	392	#	Maryland	#	http://stats.ncaa.org/team/index/11620?org_id=392	#	[0, 2, 0, 0, 0, 0, 0, 0, 1]	#	[3, 4, 0]
3379696	#	0	#	402	#	McNeese St.	#	http://stats.ncaa.org/team/index/11620?org_id=402	#	[0, 0, 0, 0, 1, 0, 0, 0, 0]	#	[1, 6, 0]
3379696	#	1	#	483	#	Nicholls St.	#	http://stats.ncaa.org/team/index/11620?org_id=483	#	[0, 3, 0, 0, 0, 0, 0, 0, 0]	#	[3, 8, 0]
3258966	#	0	#	2915	#	Wofford	#	http://stats.ncaa.org/team/index/11620?org_id=2915	#	[0, 0, 0, 0, 0, 0, 0, 2, 2]	#	[4, 8, 2]
3258966	#	1	#	769	#	Western Caro.	#	http://stats.ncaa.org/team/index/11620?org_id=769	#	[1, 5, 0, 0, 0, 0, 3, 2, 0]	#	[11, 11, 1]
3019173	#	0	#	30024	#	Utah Valley	#	http://stats.ncaa.org/team/index/11620?org_id=30024	#	[0, 0, 0, 0, 0, 0, 1, 0, 0]	#	[1, 6, 1]
3019173	#	1	#	370	#	Loyola Marymount	#	http://stats.ncaa.org/team/index/11620?org_id=370	#	[0, 2, 0, 0, 0, 0, 0, 0, 0]	#	[2, 2, 1]
3090875	#	0	#	327	#	Kansas St.	#	http://stats.ncaa.org/team/index/11620?org_id=327	#	[2, 0, 1, 0, 1, 1, 0, 0, 0]	#	[5, 12, 1]
3090875	#	1	#	108	#	UC Davis	#	http://stats.ncaa.org/team/index/11620?org_id=108	#	[0, 0, 2, 0, 2, 5, 0, 1, 0]	#	[10, 15, 1]
3314571	#	0	#	1045	#	Dallas Baptist	#	http://stats.ncaa.org/team/index/11620?org_id=1045	#	[2, 0, 0, 3, 0, 0, 0, 1, 0]	#	[6, 9, 0]
3314571	#	1	#	51	#	Baylor	#	http://stats.ncaa.org/team/index/11620?org_id=51	#	[0, 0, 0, 0, 3, 0, 0, 0, 0]	#	[3, 6, 2]
3161884	#	0	#	603	#	St. John's (NY)	#	http://stats.ncaa.org/team/index/11620?org_id=603	#	[0, 0, 0, 0, 4, 0, 0, 0, 0]	#	[4, 8, 1]
3161884	#	1	#	463	#	Nebraska	#	http://stats.ncaa.org/team/index/11620?org_id=463	#	[0, 7, 0, 0, 3, 0, 0, 2, 0]	#	[12, 16, 1]
3343908	#	0	#	406	#	Mercer	#	http://stats.ncaa.org/team/index/11620?org_id=406	#	[0, 0, 0, 0, 0, 2, 0, 3, 0]	#	[5, 11, 4]
3343908	#	1	#	28755	#	FGCU	#	http://stats.ncaa.org/team/index/11620?org_id=28755	#	[1, 1, 4, 0, 0, 0, 0, 0, 0]	#	[6, 11, 0]
3229715	#	0	#	393	#	UMES	#	http://stats.ncaa.org/team/index/11620?org_id=393	#	[0, 0, 3, 0, 0, 0, 0]	#	[3, 6, 2]
3229715	#	1	#	165	#	Coppin St.	#	http://stats.ncaa.org/team/index/11620?org_id=165	#	[1, 0, 0, 1, 0, 4, 0]	#	[6, 7, 1]
3300542	#	0	#	104	#	UC Santa Barbara	#	http://stats.ncaa.org/team/index/11620?org_id=104	#	[0, 0, 0, 0, 0, 0, 0, 0, 0]	#	[0, 5, 0]
3300542	#	1	#	90	#	Cal Poly	#	http://stats.ncaa.org/team/index/11620?org_id=90	#	[0, 0, 0, 1, 0, 0, 0, 0, 0]	#	[1, 5, 2]
3361134	#	0	#	488	#	N.C. A&T	#	http://stats.ncaa.org/team/index/11620?org_id=488	#	[0, 0, 0, 0, 0, 3, 0, 0, 0, 0, 0, 4]	#	[7, 13, 2]
3361134	#	1	#	228	#	Florida A&M	#	http://stats.ncaa.org/team/index/11620?org_id=228	#	[0, 3, 0, 0, 0, 0, 0, 0, 0, 0, 0, 0]	#	[3, 11, 2]
3379697	#	0	#	692	#	Tennessee Tech	#	http://stats.ncaa.org/team/index/11620?org_id=692	#	[0, 0, 0, 0, 0, 0, 1, 0, 0]	#	[1, 7, 1]
3379697	#	1	#	14927	#	Belmont	#	http://stats.ncaa.org/team/index/11620?org_id=14927	#	[0, 0, 0, 0, 0, 1, 0, 0, 1]	#	[2, 7, 4]
3259004	#	0	#	522	#	Oklahoma	#	http://stats.ncaa.org/team/index/11620?org_id=522	#	[0, 0, 0, 0, 0, 0, 0, 1, 1]	#	[2, 6, 2]
3259004	#	1	#	328	#	Kansas	#	http://stats.ncaa.org/team/index/11620?org_id=328	#	[0, 0, 0, 0, 0, 0, 1, 0, 0]	#	[1, 5, 2]
3019177	#	0	#	201	#	Eastern Ill.	#	http://stats.ncaa.org/team/index/11620?org_id=201	#	[0, 0, 0, 1, 2, 0, 1, 0, 1]	#	[5, 12, 0]
3019177	#	1	#	671	#	La.-Lafayette	#	http://stats.ncaa.org/team/index/11620?org_id=671	#	[0, 0, 0, 0, 0, 0, 1, 0, 0]	#	[1, 3, 2]
3091093	#	0	#	444	#	Morehead St.	#	http://stats.ncaa.org/team/index/11620?org_id=444	#	[0, 0, 0, 0, 0, 0, 0, 2, 2]	#	[4, 10, 3]
3091093	#	1	#	248	#	George Mason	#	http://stats.ncaa.org/team/index/11620?org_id=248	#	[1, 0, 0, 2, 6, 0, 0, 5, 0]	#	[14, 14, 2]
3314705	#	0	#	361	#	LIU Brooklyn	#	http://stats.ncaa.org/team/index/11620?org_id=361	#	[1, 1, 3, 5, 4, 0, 2, 1, 6]	#	[23, 24, 2]
3314705	#	1	#	450	#	Mt. St. Mary's	#	http://stats.ncaa.org/team/index/11620?org_id=450	#	[0, 3, 3, 3, 1, 1, 0, 0, 0]	#	[11, 13, 0]
3161885	#	0	#	31	#	Arkansas	#	http://stats.ncaa.org/team/index/11620?org_id=31	#	[0, 1, 0, 0, 2, 0, 1, 0, 0]	#	[4, 9, 1]
3161885	#	1	#	718	#	Tulane	#	http://stats.ncaa.org/team/index/11620?org_id=718	#	[0, 0, 0, 0, 0, 0, 0, 0, 0]	#	[0, 4, 0]
3343910	#	0	#	255	#	Georgia Tech	#	http://stats.ncaa.org/team/index/11620?org_id=255	#	[0, 0, 0, 0, 0, 1, 0, 0, 0]	#	[1, 6, 0]
3343910	#	1	#	490	#	North Carolina St.	#	http://stats.ncaa.org/team/index/11620?org_id=490	#	[0, 0, 0, 0, 0, 0, 0, 0, 0]	#	[0, 3, 0]
3361136	#	0	#	488	#	N.C. A&T	#	http://stats.ncaa.org/team/index/11620?org_id=488	#	[0, 0, 0, 0, 0, 0, 0]	#	[0, 5, 0]
3361136	#	1	#	228	#	Florida A&M	#	http://stats.ncaa.org/team/index/11620?org_id=228	#	[0, 0, 0, 0, 0, 1, 0]	#	[1, 4, 0]
3379698	#	0	#	30	#	Arkansas St.	#	http://stats.ncaa.org/team/index/11620?org_id=30	#	[1, 0, 0, 0, 0, 0, 0, 1, 0]	#	[2, 2, 0]
3379698	#	1	#	32	#	UALR	#	http://stats.ncaa.org/team/index/11620?org_id=32	#	[0, 0, 4, 0, 0, 0, 0, 0, 0]	#	[4, 8, 0]
3300547	#	0	#	674	#	Stanford	#	http://stats.ncaa.org/team/index/11620?org_id=674	#	[0, 0, 0, 0, 0, 0, 0, 0, 0, 0, 0, 0, 0]	#	[0, 9, 0]
3300547	#	1	#	528	#	Oregon St.	#	http://stats.ncaa.org/team/index/11620?org_id=528	#	[0, 0, 0, 0, 0, 0, 0, 0, 0, 0, 0, 0, 1]	#	[1, 6, 1]
3019178	#	0	#	732	#	Utah	#	http://stats.ncaa.org/team/index/11620?org_id=732	#	[0, 0, 1, 0, 1, 0, 0, 0, 0]	#	[2, 6, 0]
3019178	#	1	#	102	#	Sacramento St.	#	http://stats.ncaa.org/team/index/11620?org_id=102	#	[2, 0, 0, 1, 0, 0, 0, 0, 0]	#	[3, 7, 0]
3259023	#	0	#	433	#	Ole Miss	#	http://stats.ncaa.org/team/index/11620?org_id=433	#	[2, 0, 2, 2, 0, 0, 0, 0, 0]	#	[6, 11, 0]
3259023	#	1	#	8	#	Alabama	#	http://stats.ncaa.org/team/index/11620?org_id=8	#	[1, 4, 1, 0, 0, 1, 0, 0, 0]	#	[7, 10, 0]
3091133	#	0	#	236	#	Fordham	#	http://stats.ncaa.org/team/index/11620?org_id=236	#	[0, 0, 0, 1, 1, 1, 0, 0, 0]	#	[3, 6, 2]
3091133	#	1	#	1320	#	Presbyterian	#	http://stats.ncaa.org/team/index/11620?org_id=1320	#	[4, 0, 4, 1, 0, 0, 0, 0, 0]	#	[9, 14, 1]
3314766	#	0	#	711	#	Towson	#	http://stats.ncaa.org/team/index/11620?org_id=711	#	[0, 0, 2, 1, 1, 0, 0, 0, 0]	#	[4, 7, 0]
3314766	#	1	#	500	#	Northeastern	#	http://stats.ncaa.org/team/index/11620?org_id=500	#	[1, 1, 0, 0, 1, 0, 4, 0, 0]	#	[7, 11, 0]
3161903	#	0	#	518	#	Ohio St.	#	http://stats.ncaa.org/team/index/11620?org_id=518	#	[0, 0, 0, 0, 0, 1, 0, 0, 4]	#	[5, 7, 2]
3161903	#	1	#	529	#	Oregon	#	http://stats.ncaa.org/team/index/11620?org_id=529	#	[0, 0, 0, 0, 0, 0, 0, 0, 0]	#	[0, 5, 1]
3361138	#	0	#	432	#	Mississippi Val.	#	http://stats.ncaa.org/team/index/11620?org_id=432	#	[1, 0, 1, 0, 0, 2, 1, 0, 0]	#	[5, 11, 0]
3361138	#	1	#	6	#	Alabama A&M	#	http://stats.ncaa.org/team/index/11620?org_id=6	#	[1, 0, 0, 3, 2, 0, 0, 0, 0]	#	[6, 8, 1]
3300576	#	0	#	51	#	Baylor	#	http://stats.ncaa.org/team/index/11620?org_id=51	#	[0, 0, 0, 0, 0, 0, 0, 0, 0]	#	[0, 3, 2]
3300576	#	1	#	703	#	Texas	#	http://stats.ncaa.org/team/index/11620?org_id=703	#	[0, 0, 0, 0, 1, 0, 3, 0, 0]	#	[4, 7, 0]
3379704	#	0	#	244	#	Furman	#	http://stats.ncaa.org/team/index/11620?org_id=244	#	[0, 1, 3, 0, 1, 0, 1, 1, 0]	#	[7, 13, 3]
3379704	#	1	#	27	#	Appalachian St.	#	http://stats.ncaa.org/team/index/11620?org_id=27	#	[0, 0, 1, 1, 3, 3, 0, 3, 0]	#	[11, 11, 3]
3229716	#	0	#	477	#	NYIT	#	http://stats.ncaa.org/team/index/11620?org_id=477	#	[1, 0, 0, 5, 2, 0, 0]	#	[8, 9, 5]
3229716	#	1	#	450	#	Mt. St. Mary's	#	http://stats.ncaa.org/team/index/11620?org_id=450	#	[4, 0, 0, 1, 2, 4, 0]	#	[11, 8, 3]
3259043	#	0	#	509	#	Northwestern	#	http://stats.ncaa.org/team/index/11620?org_id=509	#	[2, 0, 0, 0, 1, 0, 0, 0, 0]	#	[3, 10, 2]
3259043	#	1	#	539	#	Penn St.	#	http://stats.ncaa.org/team/index/11620?org_id=539	#	[0, 0, 0, 2, 1, 4, 0, 0, 0]	#	[7, 9, 2]
3314768	#	0	#	711	#	Towson	#	http://stats.ncaa.org/team/index/11620?org_id=711	#	[0, 1, 0, 1, 0, 0, 0, 0, 0, 0]	#	[2, 4, 0]
3314768	#	1	#	500	#	Northeastern	#	http://stats.ncaa.org/team/index/11620?org_id=500	#	[0, 0, 0, 1, 0, 1, 0, 0, 0, 1]	#	[3, 11, 1]
3019185	#	0	#	1356	#	Seattle	#	http://stats.ncaa.org/team/index/11620?org_id=1356	#	[0, 0, 0, 0, 0, 1, 1, 0, 0]	#	[2, 4, 1]
3019185	#	1	#	108	#	UC Davis	#	http://stats.ncaa.org/team/index/11620?org_id=108	#	[0, 0, 0, 0, 0, 0, 0, 0, 1]	#	[1, 4, 2]
3343911	#	0	#	521	#	Oklahoma St.	#	http://stats.ncaa.org/team/index/11620?org_id=521	#	[0, 0, 0, 0, 0, 0, 0, 0, 0]	#	[0, 2, 0]
3343911	#	1	#	703	#	Texas	#	http://stats.ncaa.org/team/index/11620?org_id=703	#	[0, 0, 0, 1, 0, 0, 0, 2, 0]	#	[3, 7, 0]
3162024	#	0	#	67	#	Boston College	#	http://stats.ncaa.org/team/index/11620?org_id=67	#	[0, 0, 0, 0, 2, 0, 0, 0, 0]	#	[2, 4, 0]
3162024	#	1	#	415	#	Miami (FL)	#	http://stats.ncaa.org/team/index/11620?org_id=415	#	[0, 0, 0, 1, 1, 3, 0, 0, 0]	#	[5, 5, 1]
3300584	#	0	#	683	#	Stony Brook	#	http://stats.ncaa.org/team/index/11620?org_id=683	#	[1, 0, 1, 0, 4, 0, 0, 0, 0]	#	[6, 10, 4]
3300584	#	1	#	164	#	UConn	#	http://stats.ncaa.org/team/index/11620?org_id=164	#	[0, 3, 0, 0, 0, 0, 0, 0, 0]	#	[3, 10, 1]
3229720	#	0	#	649	#	South Dakota St.	#	http://stats.ncaa.org/team/index/11620?org_id=649	#	[1, 0, 0, 0, 0, 0, 0, 0, 0]	#	[1, 5, 1]
3229720	#	1	#	169	#	Creighton	#	http://stats.ncaa.org/team/index/11620?org_id=169	#	[0, 0, 1, 0, 0, 0, 2, 0, 0]	#	[3, 11, 1]
3361141	#	0	#	488	#	N.C. A&T	#	http://stats.ncaa.org/team/index/11620?org_id=488	#	[0, 0, 0, 0, 0, 0, 0, 3, 0, 0]	#	[3, 6, 3]
3361141	#	1	#	228	#	Florida A&M	#	http://stats.ncaa.org/team/index/11620?org_id=228	#	[0, 0, 0, 0, 0, 3, 0, 0, 0, 1]	#	[4, 12, 2]
3379705	#	0	#	244	#	Furman	#	http://stats.ncaa.org/team/index/11620?org_id=244	#	[0, 0, 2, 0, 4, 2, 0, 1, 0]	#	[9, 14, 0]
3379705	#	1	#	27	#	Appalachian St.	#	http://stats.ncaa.org/team/index/11620?org_id=27	#	[0, 0, 1, 0, 0, 0, 1, 0, 0]	#	[2, 5, 0]
3259103	#	0	#	690	#	Temple	#	http://stats.ncaa.org/team/index/11620?org_id=690	#	[0, 0, 1, 0, 2, 0, 0, 0, 1]	#	[4, 11, 1]
3259103	#	1	#	128	#	UCF	#	http://stats.ncaa.org/team/index/11620?org_id=128	#	[0, 0, 1, 3, 0, 2, 0, 0, 0]	#	[6, 9, 2]
3314803	#	0	#	711	#	Towson	#	http://stats.ncaa.org/team/index/11620?org_id=711	#	[0, 1, 0, 0, 0, 0, 1, 0, 1]	#	[3, 6, 0]
3314803	#	1	#	500	#	Northeastern	#	http://stats.ncaa.org/team/index/11620?org_id=500	#	[0, 0, 0, 1, 0, 0, 0, 0, 0]	#	[1, 4, 0]
3019189	#	0	#	508	#	Northwestern St.	#	http://stats.ncaa.org/team/index/11620?org_id=508	#	[0, 0, 0, 1, 0, 2, 0, 0, 1]	#	[4, 11, 1]
