year	year_id	team_id	team_name	jersey_number	player_id	player_name	player_url	class_year	position	GP	GS	PO	A	E	FldPct	CI	PB	SBA	CSB	IDP	TP
2015	12080	26172	A&M-Corpus Chris	-	Totals	-	-	-	-	39	1,009	415	50	0.966	 	7	35	9	36	 
2015	12080	26172	A&M-Corpus Chris	-	Opponent Totals	-	-	-	-	39	996	419	50	0.966	1	5	52	19	30	 
2015	12080	2	Abilene Christian	-	Totals	-	-	-	-	41	1,067	390	62	0.959	 	15	60	14	33	 
2015	12080	2	Abilene Christian	-	Opponent Totals	-	-	-	-	41	1,104	427	50	0.968	 	6	31	15	25	 
2015	12080	721	Air Force	-	Totals	-	-	-	-	42	1,089	551	51	0.970	4	12	52	28	41	 
2015	12080	721	Air Force	-	Opponent Totals	-	-	-	-	42	1,106	462	68	0.958	 	9	69	21	32	 
2015	12080	5	Akron	-	Totals	-	-	-	-	41	1,065	415	59	0.962	 	8	34	24	25	 
2015	12080	5	Akron	-	Opponent Totals	-	-	-	-	41	1,088	444	58	0.964	 	9	54	11	32	 
2015	12080	8	Alabama	-	Totals	-	-	-	-	43	1,173	471	42	0.975	 	14	49	19	43	 
2015	12080	8	Alabama	-	Opponent Totals	-	-	-	-	43	1,158	444	53	0.968	 	5	49	16	26	 
2015	12080	6	Alabama A&M	-	Totals	-	-	-	-	48	1,185	439	80	0.953	 	12	80	15	31	 
2015	12080	6	Alabama A&M	-	Opponent Totals	-	-	-	-	48	1,198	466	70	0.960	3	24	39	15	34	 
2015	12080	7	Alabama St.	-	Totals	-	-	-	-	42	1,088	375	60	0.961	 	9	65	17	24	 
2015	12080	7	Alabama St.	-	Opponent Totals	-	-	-	-	42	1,062	403	69	0.955	3	16	52	15	43	 
2015	12080	14	Albany (NY)	-	Totals	-	-	-	-	30	736	316	58	0.948	 	9	32	15	28	 
2015	12080	14	Albany (NY)	-	Opponent Totals	-	-	-	-	30	754	308	29	0.973	 	4	29	13	22	 
2015	12080	17	Alcorn	-	Totals	-	-	-	-	47	1,151	422	111	0.934	2	19	105	15	36	 
2015	12080	17	Alcorn	-	Opponent Totals	-	-	-	-	47	1,217	432	68	0.960	 	19	90	36	27	 
2015	12080	27	Appalachian St.	-	Totals	-	-	-	-	44	1,152	476	74	0.957	1	10	66	15	29	 
2015	12080	27	Appalachian St.	-	Opponent Totals	-	-	-	-	44	1,179	444	54	0.968	1	11	26	15	41	 
2015	12080	29	Arizona	-	Totals	-	-	-	-	41	1,096	472	39	0.976	1	7	31	9	41	 
2015	12080	29	Arizona	-	Opponent Totals	-	-	-	-	41	1,058	453	77	0.952	1	6	49	28	29	 
2015	12080	28	Arizona St.	-	Totals	-	-	-	-	40	1,089	424	42	0.973	 	6	35	20	27	 
2015	12080	28	Arizona St.	-	Opponent Totals	-	-	-	-	40	1,043	423	40	0.973	 	8	41	25	29	 
2015	12080	2678	Ark.-Pine Bluff	-	Totals	-	-	-	-	34	894	322	43	0.966	2	9	97	14	27	 
2015	12080	2678	Ark.-Pine Bluff	-	Opponent Totals	-	-	-	-	34	908	396	63	0.954	1	13	24	23	29	 
2015	12080	31	Arkansas	-	Totals	-	-	-	-	44	1,164	509	36	0.979	1	7	43	23	47	 
2015	12080	31	Arkansas	-	Opponent Totals	-	-	-	-	44	1,120	470	55	0.967	2	7	41	13	42	 
2015	12080	30	Arkansas St.	-	Totals	-	-	-	-	41	1,099	387	45	0.971	1	9	41	15	28	 
2015	12080	30	Arkansas St.	-	Opponent Totals	-	-	-	-	41	1,111	408	58	0.963	 	10	38	14	23	 
2015	12080	725	Army West Point	-	Totals	-	-	-	-	43	1,039	451	57	0.963	 	16	33	28	31	 
2015	12080	725	Army West Point	-	Opponent Totals	-	-	-	-	43	1,054	492	64	41.276	 	2	52	21	20	 
2015	12080	37	Auburn	-	Totals	-	-	-	-	45	1,191	445	41	0.976	 	3	31	13	34	 
2015	12080	37	Auburn	-	Opponent Totals	-	-	-	-	45	1,152	481	53	0.969	1	4	36	27	41	 
2015	12080	43	Austin Peay	-	Totals	-	-	-	-	41	1,094	422	70	0.956	 	11	48	12	28	 
2015	12080	43	Austin Peay	-	Opponent Totals	-	-	-	-	41	1,086	383	49	0.968	 	8	64	23	28	 
2015	12080	77	BYU	-	Totals	-	-	-	-	40	1,047	433	41	0.973	 	11	31	12	34	 
2015	12080	77	BYU	-	Opponent Totals	-	-	-	-	40	1,053	432	49	0.968	 	7	25	14	45	 
2015	12080	94	Bakersfield	-	Totals	-	-	-	-	42	1,111	485	36	0.978	 	8	17	18	42	 
2015	12080	94	Bakersfield	-	Opponent Totals	-	-	-	-	42	1,089	456	76	0.953	3	1	41	12	30	 
2015	12080	47	Ball St.	-	Totals	-	-	-	-	42	1,115	404	52	0.967	 	5	33	17	34	 
2015	12080	47	Ball St.	-	Opponent Totals	-	-	-	-	42	1,103	416	59	0.963	 	7	41	19	30	 
2015	12080	51	Baylor	-	Totals	-	-	-	-	43	1,135	469	66	0.960	1	12	25	14	28	 
2015	12080	51	Baylor	-	Opponent Totals	-	-	-	-	43	1,139	439	48	0.970	 	4	54	26	29	 
2015	12080	14927	Belmont	-	Totals	-	-	-	-	42	1,107	442	76	0.953	 	2	51	17	28	 
2015	12080	14927	Belmont	-	Opponent Totals	-	-	-	-	42	1,100	434	57	40.501	3	10	71	15	37	 
2015	12080	61	Bethune-Cookman	-	Totals	-	-	-	-	49	1,249	490	84	0.954	 	19	59	25	44	 
2015	12080	61	Bethune-Cookman	-	Opponent Totals	-	-	-	-	49	1,282	559	87	0.955	 	10	41	17	47	 
2015	12080	62	Binghamton	-	Totals	-	-	-	-	31	764	305	42	0.962	 	4	29	12	20	 
2015	12080	62	Binghamton	-	Opponent Totals	-	-	-	-	31	791	308	42	0.963	 	5	32	9	17	 
2015	12080	67	Boston College	-	Totals	-	-	-	-	43	1,134	432	44	0.973	 	9	41	17	34	 
2015	12080	67	Boston College	-	Opponent Totals	-	-	-	-	43	1,141	464	43	0.974	 	9	52	18	38	 
2015	12080	71	Bowling Green	-	Totals	-	-	-	-	38	980	395	62	0.957	 	4	29	23	25	 
2015	12080	71	Bowling Green	-	Opponent Totals	-	-	-	-	38	1,003	462	62	0.959	 	9	48	21	35	 
2015	12080	72	Bradley	-	Totals	-	-	-	-	40	1,029	328	41	0.971	 	5	35	10	29	 
2015	12080	72	Bradley	-	Opponent Totals	-	-	-	-	40	1,012	380	50	0.965	 	10	38	20	20	 
2015	12080	80	Brown	-	Totals	-	-	-	-	39	930	362	69	0.949	1	13	73	16	30	 
2015	12080	80	Brown	-	Opponent Totals	-	-	-	-	39	981	358	37	0.973	 	11	22	16	31	 
2015	12080	81	Bryant	-	Totals	-	-	-	-	35	865	366	53	0.959	1	7	47	17	26	 
2015	12080	81	Bryant	-	Opponent Totals	-	-	-	-	35	882	332	47	0.963	 	9	39	15	22	 
2015	12080	83	Bucknell	-	Totals	-	-	-	-	46	1,179	557	65	0.964	2	11	49	12	33	 
2015	12080	83	Bucknell	-	Opponent Totals	-	-	-	-	46	1,159	486	55	0.968	 	14	30	14	34	 
2015	12080	86	Buffalo	-	Totals	-	-	-	-	36	918	331	52	0.960	 	13	91	18	19	 
2015	12080	86	Buffalo	-	Opponent Totals	-	-	-	-	36	960	360	39	0.971	 	14	52	15	27	 
2015	12080	87	Butler	-	Totals	-	-	-	-	42	1,094	447	50	0.969	 	5	66	16	32	 
2015	12080	87	Butler	-	Opponent Totals	-	-	-	-	42	1,120	520	59	0.965	 	14	38	16	44	 
2015	12080	101	CSUN	-	Totals	-	-	-	-	42	1,110	485	48	0.971	 	9	26	19	30	 
2015	12080	101	CSUN	-	Opponent Totals	-	-	-	-	42	1,083	442	49	0.969	 	9	53	19	25	 
2015	12080	90	Cal Poly	-	Totals	-	-	-	-	40	1,062	449	48	0.969	1	7	24	23	23	 
2015	12080	90	Cal Poly	-	Opponent Totals	-	-	-	-	40	1,062	407	56	0.963	 	9	20	13	21	 
2015	12080	97	Cal St. Fullerton	-	Totals	-	-	-	-	42	1,118	443	59	0.964	1	10	19	16	31	 
2015	12080	97	Cal St. Fullerton	-	Opponent Totals	-	-	-	-	42	1,116	463	56	0.966	 	14	40	11	29	 
2015	12080	107	California	-	Totals	-	-	-	-	38	1,008	423	53	0.964	 	3	24	13	39	 
2015	12080	107	California	-	Opponent Totals	-	-	-	-	38	983	373	56	0.960	 	10	28	15	25	 
2015	12080	115	Campbell	-	Totals	-	-	-	-	42	1,119	412	67	0.958	1	4	36	16	21	 
2015	12080	115	Campbell	-	Opponent Totals	-	-	-	-	42	1,086	489	84	0.949	 	7	102	23	28	 
2015	12080	116	Canisius	-	Totals	-	-	-	-	44	1,111	443	61	0.962	 	14	68	10	32	 
2015	12080	116	Canisius	-	Opponent Totals	-	-	-	-	44	1,139	442	68	0.959	3	12	58	22	34	 
2015	12080	1004	Central Ark.	-	Totals	-	-	-	-	38	1,009	412	41	0.972	1	2	17	10	35	 
2015	12080	1004	Central Ark.	-	Opponent Totals	-	-	-	-	38	1,002	393	45	36.803	1	7	28	11	30	 
2015	12080	127	Central Conn. St.	-	Totals	-	-	-	-	36	910	379	56	0.958	 	4	52	12	24	 
2015	12080	127	Central Conn. St.	-	Opponent Totals	-	-	-	-	36	925	419	37	0.973	 	1	22	8	34	 
2015	12080	129	Central Mich.	-	Totals	-	-	-	-	41	1,107	483	58	0.965	1	11	37	31	30	 
2015	12080	129	Central Mich.	-	Opponent Totals	-	-	-	-	41	1,118	414	76	0.953	1	25	75	17	22	 
2015	12080	48	Charleston So.	-	Totals	-	-	-	-	42	1,142	424	48	0.970	 	4	65	21	27	 
2015	12080	48	Charleston So.	-	Opponent Totals	-	-	-	-	42	1,136	496	57	0.966	 	5	38	16	34	 
2015	12080	458	Charlotte	-	Totals	-	-	-	-	34	885	358	50	0.961	2	8	29	10	28	 
2015	12080	458	Charlotte	-	Opponent Totals	-	-	-	-	34	882	375	34	0.974	 	7	15	8	23	 
2015	12080	136	Chicago St.	-	Totals	-	-	-	-	42	1,069	443	51	0.967	 	12	55	22	37	 
2015	12080	136	Chicago St.	-	Opponent Totals	-	-	-	-	42	1,101	462	53	0.967	1	11	38	15	29	 
2015	12080	140	Cincinnati	-	Totals	-	-	-	-	43	1,139	491	49	0.971	 	4	41	25	36	 
2015	12080	140	Cincinnati	-	Opponent Totals	-	-	-	-	43	1,159	430	43	0.974	1	9	31	31	26	 
2015	12080	141	Citadel	-	Totals	-	-	-	-	42	1,112	407	80	0.950	 	4	63	19	21	 
2015	12080	141	Citadel	-	Opponent Totals	-	-	-	-	42	1,096	376	50	0.967	 	12	31	9	31	 
2015	12080	147	Clemson	-	Totals	-	-	-	-	44	1,200	444	63	0.963	 	 	35	10	27	 
2015	12080	147	Clemson	-	Opponent Totals	-	-	-	-	44	1,186	459	60	0.965	2	11	43	19	51	 
2015	12080	149	Coastal Caro.	-	Totals	-	-	-	-	43	1,176	476	63	0.963	1	6	35	17	44	 
2015	12080	149	Coastal Caro.	-	Opponent Totals	-	-	-	-	43	1,128	407	67	0.958	 	16	58	23	33	 
2015	12080	1014	Col. of Charleston	-	Totals	-	-	-	-	41	1,098	445	58	0.964	1	15	39	9	29	 
2015	12080	1014	Col. of Charleston	-	Opponent Totals	-	-	-	-	41	1,047	409	42	0.972	 	5	37	15	28	 
2015	12080	158	Columbia	-	Totals	-	-	-	-	40	996	369	51	0.964	2	8	32	16	33	 
2015	12080	158	Columbia	-	Opponent Totals	-	-	-	-	40	1,006	371	49	38.665	 	17	55	15	27	 
2015	12080	165	Coppin St.	-	Totals	-	-	-	-	39	913	352	103	0.925	 	12	124	32	14	 
2015	12080	165	Coppin St.	-	Opponent Totals	-	-	-	-	39	961	357	45	0.967	1	8	18	9	17	 
2015	12080	167	Cornell	-	Totals	-	-	-	-	38	898	397	54	0.960	2	10	43	17	27	 
2015	12080	167	Cornell	-	Opponent Totals	-	-	-	-	38	931	355	43	0.968	 	7	25	7	35	 
2015	12080	169	Creighton	-	Totals	-	-	-	-	34	923	422	30	0.978	 	5	32	12	32	 
2015	12080	169	Creighton	-	Opponent Totals	-	-	-	-	34	900	426	49	0.964	 	8	43	20	24	 
2015	12080	1045	Dallas Baptist	-	Totals	-	-	-	-	41	1,104	424	37	0.976	1	12	23	17	36	 
2015	12080	1045	Dallas Baptist	-	Opponent Totals	-	-	-	-	41	1,076	411	66	0.958	1	14	44	14	31	 
2015	12080	172	Dartmouth	-	Totals	-	-	-	-	39	939	390	32	0.976	2	7	52	8	24	 
2015	12080	172	Dartmouth	-	Opponent Totals	-	-	-	-	39	957	418	63	0.956	1	8	27	6	33	 
2015	12080	173	Davidson	-	Totals	-	-	-	-	37	984	410	65	0.955	2	13	41	17	33	 
2015	12080	173	Davidson	-	Opponent Totals	-	-	-	-	37	976	350	37	0.973	1	12	22	7	28	 
2015	12080	175	Dayton	-	Totals	-	-	-	-	42	1,119	465	67	0.959	 	8	52	30	28	 
2015	12080	175	Dayton	-	Opponent Totals	-	-	-	-	42	1,139	411	45	0.972	2	 	45	24	26	 
2015	12080	180	Delaware	-	Totals	-	-	-	-	33	864	345	43	0.966	 	5	27	12	28	 
2015	12080	180	Delaware	-	Opponent Totals	-	-	-	-	33	854	305	50	0.959	1	11	39	14	27	 
2015	12080	178	Delaware St.	-	Totals	-	-	-	-	34	821	303	72	0.940	1	8	51	5	13	 
2015	12080	178	Delaware St.	-	Opponent Totals	-	-	-	-	34	854	346	55	0.956	 	5	47	21	17	 
2015	12080	193	Duke	-	Totals	-	-	-	-	43	1,145	463	55	0.967	1	9	41	21	25	 
2015	12080	193	Duke	-	Opponent Totals	-	-	-	-	43	1,122	393	45	0.971	 	5	49	17	17	 
2015	12080	196	East Carolina	-	Totals	-	-	-	-	45	1,209	542	52	0.971	 	5	27	23	48	 
2015	12080	196	East Carolina	-	Opponent Totals	-	-	-	-	45	1,164	473	76	0.956	 	7	35	29	43	 
2015	12080	198	East Tenn. St.	-	Totals	-	-	-	-	43	1,132	421	58	0.964	1	15	52	11	35	 
2015	12080	198	East Tenn. St.	-	Opponent Totals	-	-	-	-	43	1,135	515	57	0.967	8	15	47	19	35	1
2015	12080	201	Eastern Ill.	-	Totals	-	-	-	-	38	950	355	60	0.956	3	12	44	9	39	 
2015	12080	201	Eastern Ill.	-	Opponent Totals	-	-	-	-	38	984	404	40	0.972	 	6	26	9	32	 
2015	12080	202	Eastern Ky.	-	Totals	-	-	-	-	36	921	389	43	0.968	1	14	43	19	34	 
2015	12080	202	Eastern Ky.	-	Opponent Totals	-	-	-	-	36	931	368	32	0.976	 	10	46	19	24	 
2015	12080	204	Eastern Mich.	-	Totals	-	-	-	-	43	1,092	451	71	0.956	 	13	61	33	38	 
2015	12080	204	Eastern Mich.	-	Opponent Totals	-	-	-	-	43	1,131	509	55	0.968	1	6	76	33	37	 
2015	12080	1068	Elon	-	Totals	-	-	-	-	42	1,118	424	65	0.960	 	17	54	13	36	 
2015	12080	1068	Elon	-	Opponent Totals	-	-	-	-	42	1,104	413	72	0.955	1	12	34	15	30	 
2015	12080	219	Evansville	-	Totals	-	-	-	-	38	1,020	407	49	0.967	 	6	36	14	30	 
2015	12080	219	Evansville	-	Opponent Totals	-	-	-	-	38	1,017	377	49	0.966	 	12	35	14	21	 
2015	12080	28755	FGCU	-	Totals	-	-	-	-	44	1,182	444	64	0.962	 	14	50	9	14	 
2015	12080	28755	FGCU	-	Opponent Totals	-	-	-	-	44	1,151	479	59	42.476	 	12	40	13	39	 
2015	12080	231	FIU	-	Totals	-	-	-	-	43	1,152	499	55	0.968	 	15	46	18	30	 
2015	12080	231	FIU	-	Opponent Totals	-	-	-	-	43	1,135	432	69	0.958	 	10	21	22	34	 
2015	12080	220	Fairfield	-	Totals	-	-	-	-	37	912	399	51	0.963	 	13	71	23	30	 
2015	12080	220	Fairfield	-	Opponent Totals	-	-	-	-	37	963	368	45	0.967	 	3	27	16	30	 
2015	12080	222	Fairleigh Dickinson	-	Totals	-	-	-	-	32	744	347	52	0.955	2	4	46	15	26	1
2015	12080	222	Fairleigh Dickinson	-	Opponent Totals	-	-	-	-	32	759	339	34	0.970	 	5	21	13	22	 
2015	12080	229	Fla. Atlantic	-	Totals	-	-	-	-	43	1,192	437	68	0.960	 	8	31	12	26	 
2015	12080	229	Fla. Atlantic	-	Opponent Totals	-	-	-	-	43	1,133	463	56	0.966	2	17	39	17	34	 
2015	12080	235	Florida	-	Totals	-	-	-	-	45	1,206	506	26	0.985	 	11	31	14	35	 
2015	12080	235	Florida	-	Opponent Totals	-	-	-	-	45	1,154	469	65	0.961	 	8	59	19	32	 
2015	12080	228	Florida A&M	-	Totals	-	-	-	-	39	997	464	57	0.962	 	7	58	23	26	 
2015	12080	228	Florida A&M	-	Opponent Totals	-	-	-	-	39	1,003	377	55	0.962	5	17	38	9	22	 
2015	12080	234	Florida St.	-	Totals	-	-	-	-	46	1,245	479	68	0.962	1	7	27	8	39	 
2015	12080	234	Florida St.	-	Opponent Totals	-	-	-	-	46	1,199	415	49	0.971	 	12	37	14	33	 
2015	12080	236	Fordham	-	Totals	-	-	-	-	42	1,083	432	41	0.974	 	9	49	18	38	 
2015	12080	236	Fordham	-	Opponent Totals	-	-	-	-	42	1,086	497	59	0.964	 	11	80	30	21	 
2015	12080	96	Fresno St.	-	Totals	-	-	-	-	44	1,156	465	54	0.968	 	4	22	10	36	 
2015	12080	96	Fresno St.	-	Opponent Totals	-	-	-	-	44	1,154	501	48	0.972	1	10	28	20	40	 
2015	12080	244	Furman	-	Totals	-	-	-	-	43	1,148	463	62	0.963	 	5	45	9	28	 
2015	12080	244	Furman	-	Opponent Totals	-	-	-	-	43	1,155	488	52	0.969	1	6	30	16	29	1
2015	12080	253	Ga. Southern	-	Totals	-	-	-	-	44	1,182	477	85	0.951	 	10	26	16	38	 
2015	12080	253	Ga. Southern	-	Opponent Totals	-	-	-	-	44	1,158	409	44	0.973	 	9	56	17	31	 
2015	12080	1092	Gardner-Webb	-	Totals	-	-	-	-	44	1,171	499	50	0.971	 	11	48	24	32	 
2015	12080	1092	Gardner-Webb	-	Opponent Totals	-	-	-	-	44	1,174	487	47	0.972	 	10	58	24	28	 
2015	12080	248	George Mason	-	Totals	-	-	-	-	41	1,099	421	62	0.961	 	12	59	20	18	 
2015	12080	248	George Mason	-	Opponent Totals	-	-	-	-	41	1,088	405	52	0.966	 	13	47	14	25	 
2015	12080	249	George Washington	-	Totals	-	-	-	-	38	1,005	411	32	0.978	2	3	46	19	25	 
2015	12080	249	George Washington	-	Opponent Totals	-	-	-	-	38	978	469	48	0.968	 	2	60	23	26	 
2015	12080	251	Georgetown	-	Totals	-	-	-	-	40	1,020	438	56	0.963	1	5	37	13	26	 
2015	12080	251	Georgetown	-	Opponent Totals	-	-	-	-	40	1,026	412	54	0.964	2	10	33	14	29	 
2015	12080	257	Georgia	-	Totals	-	-	-	-	43	1,146	386	45	0.971	 	16	28	11	32	 
2015	12080	257	Georgia	-	Opponent Totals	-	-	-	-	43	1,134	450	60	0.964	 	12	53	10	35	 
2015	12080	254	Georgia St.	-	Totals	-	-	-	-	44	1,211	517	65	0.964	4	10	37	20	40	 
2015	12080	254	Georgia St.	-	Opponent Totals	-	-	-	-	44	1,180	433	47	0.972	 	7	33	9	39	 
2015	12080	255	Georgia Tech	-	Totals	-	-	-	-	42	1,124	470	43	0.974	1	5	43	27	44	 
2015	12080	255	Georgia Tech	-	Opponent Totals	-	-	-	-	42	1,106	433	48	0.970	 	10	37	12	35	 
2015	12080	260	Gonzaga	-	Totals	-	-	-	-	41	1,069	452	56	0.964	1	2	32	26	31	 
2015	12080	260	Gonzaga	-	Opponent Totals	-	-	-	-	41	1,083	453	50	0.968	 	6	16	10	45	 
2015	12080	261	Grambling	-	Totals	-	-	-	-	39	982	409	81	0.945	1	5	48	16	28	 
2015	12080	261	Grambling	-	Opponent Totals	-	-	-	-	39	1,024	435	67	0.956	 	13	92	15	20	 
2015	12080	1104	Grand Canyon	-	Totals	-	-	-	-	43	1,091	470	51	0.968	1	3	20	19	40	 
2015	12080	1104	Grand Canyon	-	Opponent Totals	-	-	-	-	43	1,085	475	76	0.954	 	8	35	24	36	 
2015	12080	272	Hartford	-	Totals	-	-	-	-	39	1,013	449	50	0.967	 	9	56	21	31	 
2015	12080	272	Hartford	-	Opponent Totals	-	-	-	-	39	1,025	482	49	0.969	1	4	32	19	33	 
2015	12080	275	Harvard	-	Totals	-	-	-	-	40	972	402	53	0.963	 	7	41	14	25	 
2015	12080	275	Harvard	-	Opponent Totals	-	-	-	-	40	993	428	65	0.956	2	10	52	18	40	 
2015	12080	277	Hawaii	-	Totals	-	-	-	-	41	1,074	469	54	0.966	1	8	58	21	33	 
2015	12080	277	Hawaii	-	Opponent Totals	-	-	-	-	41	1,068	442	46	0.970	1	9	20	3	35	 
2015	12080	19651	High Point	-	Totals	-	-	-	-	42	1,090	403	62	0.960	 	9	24	15	38	 
2015	12080	19651	High Point	-	Opponent Totals	-	-	-	-	42	1,096	463	75	0.954	 	10	54	20	36	 
2015	12080	283	Hofstra	-	Totals	-	-	-	-	40	1,035	451	42	0.973	 	11	41	17	43	 
2015	12080	283	Hofstra	-	Opponent Totals	-	-	-	-	40	1,068	439	36	0.977	1	8	69	37	25	 
2015	12080	285	Holy Cross	-	Totals	-	-	-	-	45	1,133	474	41	0.975	 	8	57	15	23	 
2015	12080	285	Holy Cross	-	Opponent Totals	-	-	-	-	45	1,153	486	52	0.969	1	5	41	29	31	 
2015	12080	288	Houston	-	Totals	-	-	-	-	44	1,184	493	63	0.964	1	13	34	19	39	 
2015	12080	288	Houston	-	Opponent Totals	-	-	-	-	44	1,158	435	49	0.970	2	8	58	18	34	 
2015	12080	287	Houston Baptist	-	Totals	-	-	-	-	41	1,070	419	45	0.971	 	6	29	10	27	 
2015	12080	287	Houston Baptist	-	Opponent Totals	-	-	-	-	41	1,058	419	49	0.968	1	14	25	12	33	 
2015	12080	308	IPFW	-	Totals	-	-	-	-	40	1,005	394	71	0.952	 	12	52	12	22	 
2015	12080	308	IPFW	-	Opponent Totals	-	-	-	-	40	1,002	322	47	0.966	 	12	24	6	32	 
2015	12080	302	Ill.-Chicago	-	Totals	-	-	-	-	38	1,002	448	28	0.981	 	16	43	16	36	 
2015	12080	302	Ill.-Chicago	-	Opponent Totals	-	-	-	-	38	998	420	51	0.965	1	13	35	9	28	 
2015	12080	301	Illinois	-	Totals	-	-	-	-	43	1,191	487	43	0.975	1	7	23	15	42	 
2015	12080	301	Illinois	-	Opponent Totals	-	-	-	-	43	1,150	459	58	0.965	 	11	52	18	41	 
2015	12080	299	Illinois St.	-	Totals	-	-	-	-	41	1,075	413	53	0.966	 	18	56	11	23	 
2015	12080	299	Illinois St.	-	Opponent Totals	-	-	-	-	41	1,080	419	54	0.965	 	9	24	7	47	 
2015	12080	2743	Incarnate Word	-	Totals	-	-	-	-	41	1,058	410	55	0.964	 	2	60	19	30	 
2015	12080	2743	Incarnate Word	-	Opponent Totals	-	-	-	-	41	1,095	416	49	0.969	 	3	21	14	32	 
2015	12080	306	Indiana	-	Totals	-	-	-	-	40	1,088	439	56	0.965	 	5	41	17	23	 
2015	12080	306	Indiana	-	Opponent Totals	-	-	-	-	40	1,076	470	68	0.958	2	7	36	11	34	 
2015	12080	305	Indiana St.	-	Totals	-	-	-	-	38	970	380	40	0.971	 	2	41	18	27	 
2015	12080	305	Indiana St.	-	Opponent Totals	-	-	-	-	38	983	390	31	0.978	1	4	40	15	34	 
2015	12080	310	Iona	-	Totals	-	-	-	-	41	990	384	50	0.965	1	13	65	23	21	 
2015	12080	310	Iona	-	Opponent Totals	-	-	-	-	41	1,036	425	42	0.972	 	7	44	19	22	 
2015	12080	312	Iowa	-	Totals	-	-	-	-	41	1,104	439	33	0.979	1	20	15	11	30	 
2015	12080	312	Iowa	-	Opponent Totals	-	-	-	-	41	1,086	486	51	0.969	 	8	56	17	48	 
2015	12080	314	Jackson St.	-	Totals	-	-	-	-	45	1,145	494	81	0.953	3	26	58	23	43	 
2015	12080	314	Jackson St.	-	Opponent Totals	-	-	-	-	45	1,126	436	79	0.952	 	23	86	17	20	 
2015	12080	316	Jacksonville	-	Totals	-	-	-	-	42	1,091	416	58	0.963	1	9	49	11	19	1
2015	12080	316	Jacksonville	-	Opponent Totals	-	-	-	-	42	1,083	514	59	0.964	 	13	62	19	29	 
2015	12080	315	Jacksonville St.	-	Totals	-	-	-	-	43	1,140	424	60	0.963	1	7	51	19	32	 
2015	12080	315	Jacksonville St.	-	Opponent Totals	-	-	-	-	43	1,120	460	70	0.958	 	13	58	11	36	 
2015	12080	317	James Madison	-	Totals	-	-	-	-	40	1,036	408	67	0.956	 	9	56	9	36	 
2015	12080	317	James Madison	-	Opponent Totals	-	-	-	-	40	1,037	457	56	0.964	 	10	52	15	29	 
2015	12080	328	Kansas	-	Totals	-	-	-	-	44	1,171	464	42	0.975	 	8	43	17	39	 
2015	12080	328	Kansas	-	Opponent Totals	-	-	-	-	44	1,175	506	47	0.973	2	7	20	16	49	 
2015	12080	327	Kansas St.	-	Totals	-	-	-	-	39	1,031	452	38	0.975	 	9	37	17	27	 
2015	12080	327	Kansas St.	-	Opponent Totals	-	-	-	-	39	1,026	486	47	0.970	 	8	50	20	32	 
2015	12080	1157	Kennesaw St.	-	Totals	-	-	-	-	44	1,173	464	63	0.963	1	13	79	12	42	 
2015	12080	1157	Kennesaw St.	-	Opponent Totals	-	-	-	-	44	1,165	448	50	0.970	 	14	54	15	26	 
2015	12080	331	Kent St.	-	Totals	-	-	-	-	40	1,072	383	58	0.962	 	4	73	19	19	 
2015	12080	331	Kent St.	-	Opponent Totals	-	-	-	-	40	1,074	441	54	0.966	2	12	45	17	43	 
2015	12080	334	Kentucky	-	Totals	-	-	-	-	42	1,127	471	59	0.964	1	2	39	12	42	 
2015	12080	334	Kentucky	-	Opponent Totals	-	-	-	-	42	1,111	430	49	0.969	 	6	46	14	48	 
2015	12080	361	LIU Brooklyn	-	Totals	-	-	-	-	37	917	358	51	0.962	1	11	48	15	27	 
2015	12080	361	LIU Brooklyn	-	Opponent Totals	-	-	-	-	37	955	418	38	0.973	 	8	54	24	29	 
2015	12080	365	LSU	-	Totals	-	-	-	-	44	1,251	471	43	0.976	1	2	33	21	36	 
2015	12080	365	LSU	-	Opponent Totals	-	-	-	-	44	1,174	475	78	0.955	 	9	78	20	40	 
2015	12080	340	La Salle	-	Totals	-	-	-	-	41	1,075	357	64	0.957	 	2	40	11	20	 
2015	12080	340	La Salle	-	Opponent Totals	-	-	-	-	41	1,083	395	58	0.962	 	14	23	13	29	 
2015	12080	671	La.-Lafayette	-	Totals	-	-	-	-	43	1,172	483	58	0.966	1	9	35	20	34	 
2015	12080	671	La.-Lafayette	-	Opponent Totals	-	-	-	-	43	1,150	477	55	0.967	 	4	58	28	36	 
2015	12080	498	La.-Monroe	-	Totals	-	-	-	-	44	1,151	490	66	0.961	 	8	51	24	39	 
2015	12080	498	La.-Monroe	-	Opponent Totals	-	-	-	-	44	1,139	445	66	0.960	3	13	46	22	21	 
2015	12080	342	Lafayette	-	Totals	-	-	-	-	34	848	344	43	0.965	 	13	36	15	17	 
2015	12080	342	Lafayette	-	Opponent Totals	-	-	-	-	34	861	392	35	0.973	 	6	27	19	23	 
2015	12080	346	Lamar	-	Totals	-	-	-	-	43	1,118	535	36	0.979	 	1	44	14	42	 
2015	12080	346	Lamar	-	Opponent Totals	-	-	-	-	43	1,111	495	57	0.966	 	3	28	16	46	 
2015	12080	352	Lehigh	-	Totals	-	-	-	-	43	1,096	469	71	0.957	 	5	65	22	28	 
2015	12080	352	Lehigh	-	Opponent Totals	-	-	-	-	43	1,104	440	64	0.960	5	9	63	20	21	 
2015	12080	355	Liberty	-	Totals	-	-	-	-	44	1,178	479	47	0.972	2	6	47	12	39	 
2015	12080	355	Liberty	-	Opponent Totals	-	-	-	-	44	1,154	431	67	0.959	 	6	60	24	34	 
2015	12080	28600	Lipscomb	-	Totals	-	-	-	-	41	1,095	491	37	0.977	1	9	31	17	32	 
2015	12080	28600	Lipscomb	-	Opponent Totals	-	-	-	-	41	1,065	431	54	0.965	 	3	67	23	33	 
2015	12080	99	Long Beach St.	-	Totals	-	-	-	-	39	1,060	452	47	0.970	2	4	23	16	26	 
2015	12080	99	Long Beach St.	-	Opponent Totals	-	-	-	-	39	1,046	439	53	0.966	 	8	44	19	19	 
2015	12080	363	Longwood	-	Totals	-	-	-	-	42	1,093	411	72	0.954	1	10	59	19	18	 
2015	12080	363	Longwood	-	Opponent Totals	-	-	-	-	42	1,101	452	67	0.959	1	11	71	22	29	 
2015	12080	366	Louisiana Tech	-	Totals	-	-	-	-	41	1,087	470	62	0.962	4	8	35	27	26	 
2015	12080	366	Louisiana Tech	-	Opponent Totals	-	-	-	-	41	1,087	511	68	0.959	2	4	47	19	38	 
2015	12080	367	Louisville	-	Totals	-	-	-	-	42	1,152	430	59	0.964	2	9	23	17	20	 
2015	12080	367	Louisville	-	Opponent Totals	-	-	-	-	42	1,107	431	68	40.233	1	3	91	24	29	 
2015	12080	370	Loyola Marymount	-	Totals	-	-	-	-	44	1,185	484	32	0.981	 	2	30	10	30	 
2015	12080	370	Loyola Marymount	-	Opponent Totals	-	-	-	-	44	1,158	471	61	0.964	2	14	51	31	30	 
2015	12080	380	Maine	-	Totals	-	-	-	-	37	971	385	57	0.960	2	5	58	17	22	 
2015	12080	380	Maine	-	Opponent Totals	-	-	-	-	37	989	368	50	0.964	 	9	28	13	37	1
2015	12080	381	Manhattan	-	Totals	-	-	-	-	40	981	447	60	0.960	 	7	54	29	27	 
2015	12080	381	Manhattan	-	Opponent Totals	-	-	-	-	40	1,025	410	33	0.978	 	3	48	19	20	 
2015	12080	386	Marist	-	Totals	-	-	-	-	34	878	365	35	0.973	 	2	27	14	25	1
2015	12080	386	Marist	-	Opponent Totals	-	-	-	-	34	900	418	39	0.971	1	8	34	18	33	 
2015	12080	388	Marshall	-	Totals	-	-	-	-	42	1,089	393	46	0.970	2	24	26	19	25	 
2015	12080	388	Marshall	-	Opponent Totals	-	-	-	-	42	1,124	465	63	0.962	1	13	37	20	26	 
2015	12080	392	Maryland	-	Totals	-	-	-	-	43	1,147	430	44	0.973	 	5	26	7	24	 
2015	12080	392	Maryland	-	Opponent Totals	-	-	-	-	43	1,112	450	61	0.962	 	13	47	14	25	 
2015	12080	400	Massachusetts	-	Totals	-	-	-	-	31	786	343	38	0.967	2	5	45	13	26	 
2015	12080	400	Massachusetts	-	Opponent Totals	-	-	-	-	31	813	333	32	0.973	 	11	24	14	13	 
2015	12080	402	McNeese St.	-	Totals	-	-	-	-	44	1,216	485	49	0.972	1	7	42	23	33	 
2015	12080	402	McNeese St.	-	Opponent Totals	-	-	-	-	44	1,194	499	50	0.971	2	6	43	25	33	 
2015	12080	404	Memphis	-	Totals	-	-	-	-	42	1,138	474	48	0.971	 	6	27	24	35	 
2015	12080	404	Memphis	-	Opponent Totals	-	-	-	-	42	1,107	507	63	0.962	 	8	61	21	32	 
2015	12080	406	Mercer	-	Totals	-	-	-	-	44	1,161	473	44	0.974	 	12	50	19	30	 
2015	12080	406	Mercer	-	Opponent Totals	-	-	-	-	44	1,136	400	61	0.962	 	8	23	14	27	 
2015	12080	415	Miami (FL)	-	Totals	-	-	-	-	44	1,200	485	59	0.966	 	4	31	17	34	 
2015	12080	415	Miami (FL)	-	Opponent Totals	-	-	-	-	44	1,158	403	73	0.955	3	13	58	10	34	 
2015	12080	414	Miami (OH)	-	Totals	-	-	-	-	40	1,044	365	61	0.959	1	14	68	18	23	 
2015	12080	414	Miami (OH)	-	Opponent Totals	-	-	-	-	40	1,092	422	48	0.969	 	4	31	23	27	 
2015	12080	418	Michigan	-	Totals	-	-	-	-	44	1,134	415	53	0.967	 	17	27	16	34	 
2015	12080	418	Michigan	-	Opponent Totals	-	-	-	-	44	1,125	457	43	0.974	2	13	36	17	32	 
2015	12080	416	Michigan St.	-	Totals	-	-	-	-	42	1,102	419	36	0.977	 	9	33	10	22	 
2015	12080	416	Michigan St.	-	Opponent Totals	-	-	-	-	42	1,094	425	56	0.964	 	3	47	18	37	 
2015	12080	419	Middle Tenn.	-	Totals	-	-	-	-	43	1,130	496	56	0.967	 	9	50	22	43	 
2015	12080	419	Middle Tenn.	-	Opponent Totals	-	-	-	-	43	1,129	423	63	0.961	1	12	39	15	41	1
2015	12080	797	Milwaukee	-	Totals	-	-	-	-	39	1,038	381	56	0.962	 	14	30	19	35	 
2015	12080	797	Milwaukee	-	Opponent Totals	-	-	-	-	39	1,038	414	51	0.966	 	12	68	16	31	 
2015	12080	428	Minnesota	-	Totals	-	-	-	-	39	1,025	418	44	0.970	 	10	37	9	29	 
2015	12080	428	Minnesota	-	Opponent Totals	-	-	-	-	39	1,045	377	33	0.977	 	7	54	15	29	 
2015	12080	430	Mississippi St.	-	Totals	-	-	-	-	41	1,096	567	39	0.977	1	5	21	18	47	 
2015	12080	430	Mississippi St.	-	Opponent Totals	-	-	-	-	41	1,061	453	50	0.968	2	6	36	11	45	 
2015	12080	432	Mississippi Val.	-	Totals	-	-	-	-	38	939	357	80	0.942	 	13	59	19	15	 
2015	12080	432	Mississippi Val.	-	Opponent Totals	-	-	-	-	38	984	422	64	0.956	 	7	83	14	18	 
2015	12080	434	Missouri	-	Totals	-	-	-	-	44	1,167	516	41	0.976	1	8	52	10	30	1
2015	12080	434	Missouri	-	Opponent Totals	-	-	-	-	44	1,138	427	36	0.978	 	5	59	23	33	 
2015	12080	669	Missouri St.	-	Totals	-	-	-	-	40	1,082	454	42	0.973	 	3	30	11	29	 
2015	12080	669	Missouri St.	-	Opponent Totals	-	-	-	-	40	1,060	408	30	0.980	 	3	30	20	24	 
2015	12080	439	Monmouth	-	Totals	-	-	-	-	32	817	363	36	0.970	 	5	37	16	25	 
2015	12080	439	Monmouth	-	Opponent Totals	-	-	-	-	33	865	365	55	0.957	 	10	24	9	30	 
2015	12080	444	Morehead St.	-	Totals	-	-	-	-	42	1,103	418	47	0.970	 	6	59	17	41	 
2015	12080	444	Morehead St.	-	Opponent Totals	-	-	-	-	42	1,093	416	49	40.683	1	5	26	8	36	 
2015	12080	450	Mt. St. Mary's	-	Totals	-	-	-	-	34	819	339	62	0.949	1	4	40	23	22	 
2015	12080	450	Mt. St. Mary's	-	Opponent Totals	-	-	-	-	34	839	392	37	0.971	2	11	22	12	30	 
2015	12080	454	Murray St.	-	Totals	-	-	-	-	45	1,151	424	56	0.966	 	6	43	16	33	 
2015	12080	454	Murray St.	-	Opponent Totals	-	-	-	-	45	1,182	457	61	0.964	 	4	46	21	31	 
2015	12080	488	N.C. A&T	-	Totals	-	-	-	-	41	1,006	436	85	0.944	2	9	79	21	39	 
2015	12080	488	N.C. A&T	-	Opponent Totals	-	-	-	-	41	1,046	404	66	0.956	1	15	31	11	30	 
2015	12080	489	N.C. Central	-	Totals	-	-	-	-	44	1,099	407	66	0.958	1	7	45	13	27	 
2015	12080	489	N.C. Central	-	Opponent Totals	-	-	-	-	44	1,110	440	65	0.960	 	10	47	16	28	 
2015	12080	471	NJIT	-	Totals	-	-	-	-	36	871	314	49	0.960	2	14	60	17	16	 
2015	12080	471	NJIT	-	Opponent Totals	-	-	-	-	36	879	380	66	0.950	1	12	37	11	31	 
2015	12080	477	NYIT	-	Totals	-	-	-	-	30	700	260	59	0.942	1	7	67	23	18	 
2015	12080	477	NYIT	-	Opponent Totals	-	-	-	-	30	732	260	29	0.972	1	8	36	12	14	 
2015	12080	726	Navy	-	Totals	-	-	-	-	49	1,258	492	61	0.966	 	4	22	20	26	 
2015	12080	726	Navy	-	Opponent Totals	-	-	-	-	49	1,225	525	70	0.962	 	9	40	17	36	 
2015	12080	463	Nebraska	-	Totals	-	-	-	-	46	1,252	546	37	0.980	 	5	22	13	41	 
2015	12080	463	Nebraska	-	Opponent Totals	-	-	-	-	46	1,216	510	48	0.973	1	4	33	15	28	 
2015	12080	466	Nevada	-	Totals	-	-	-	-	44	1,185	494	45	0.974	2	5	29	9	49	1
2015	12080	466	Nevada	-	Opponent Totals	-	-	-	-	44	1,153	373	52	0.967	2	10	34	20	23	 
2015	12080	473	New Mexico	-	Totals	-	-	-	-	43	1,136	545	46	0.973	 	10	40	19	46	 
2015	12080	473	New Mexico	-	Opponent Totals	-	-	-	-	43	1,127	455	38	0.977	 	6	30	13	35	 
2015	12080	472	New Mexico St.	-	Totals	-	-	-	-	38	969	402	81	0.944	3	1	62	17	31	 
2015	12080	472	New Mexico St.	-	Opponent Totals	-	-	-	-	38	1,023	413	44	0.970	 	5	14	5	53	 
2015	12080	474	New Orleans	-	Totals	-	-	-	-	42	1,109	459	58	0.964	1	7	59	15	28	 
2015	12080	474	New Orleans	-	Opponent Totals	-	-	-	-	42	1,121	506	60	0.964	2	4	26	15	49	 
2015	12080	482	Niagara	-	Totals	-	-	-	-	34	824	344	65	0.947	2	24	45	16	20	 
2015	12080	482	Niagara	-	Opponent Totals	-	-	-	-	34	858	355	40	0.968	1	12	58	26	23	 
2015	12080	483	Nicholls St.	-	Totals	-	-	-	-	41	1,094	455	63	0.961	1	9	26	20	38	 
2015	12080	483	Nicholls St.	-	Opponent Totals	-	-	-	-	41	1,073	442	47	0.970	 	3	42	25	27	 
2015	12080	485	Norfolk St.	-	Totals	-	-	-	-	32	774	275	47	0.957	 	9	38	12	9	 
2015	12080	485	Norfolk St.	-	Opponent Totals	-	-	-	-	32	772	335	74	0.937	 	11	53	19	20	 
2015	12080	457	North Carolina	-	Totals	-	-	-	-	41	1,108	353	49	0.968	 	13	39	17	25	 
2015	12080	457	North Carolina	-	Opponent Totals	-	-	-	-	41	1,074	432	55	0.965	 	7	57	18	32	 
2015	12080	490	North Carolina St.	-	Totals	-	-	-	-	41	1,110	425	52	0.967	 	11	26	14	38	 
2015	12080	490	North Carolina St.	-	Opponent Totals	-	-	-	-	41	1,098	419	49	0.969	 	6	25	14	32	 
2015	12080	494	North Dakota	-	Totals	-	-	-	-	35	862	353	60	0.953	2	5	28	12	16	 
2015	12080	494	North Dakota	-	Opponent Totals	-	-	-	-	35	890	385	33	0.975	 	11	24	9	37	 
2015	12080	493	North Dakota St.	-	Totals	-	-	-	-	37	941	360	72	0.948	1	15	53	15	36	 
2015	12080	493	North Dakota St.	-	Opponent Totals	-	-	-	-	37	984	388	55	0.961	 	10	28	17	23	 
2015	12080	2711	North Florida	-	Totals	-	-	-	-	44	1,181	528	30	0.983	1	1	41	11	44	 
2015	12080	2711	North Florida	-	Opponent Totals	-	-	-	-	44	1,130	524	88	0.949	 	9	39	10	42	 
2015	12080	500	Northeastern	-	Totals	-	-	-	-	41	1,053	403	59	0.961	1	6	40	18	33	 
2015	12080	500	Northeastern	-	Opponent Totals	-	-	-	-	41	1,077	395	44	0.971	 	7	22	14	37	 
2015	12080	502	Northern Colo.	-	Totals	-	-	-	-	37	944	384	72	0.949	 	13	40	20	33	 
2015	12080	502	Northern Colo.	-	Opponent Totals	-	-	-	-	37	957	392	52	0.963	4	10	45	25	29	 
2015	12080	503	Northern Ill.	-	Totals	-	-	-	-	40	1,034	452	59	0.962	 	7	56	13	40	 
2015	12080	503	Northern Ill.	-	Opponent Totals	-	-	-	-	40	1,071	447	57	38.550	1	15	48	25	30	 
2015	12080	505	Northern Ky.	-	Totals	-	-	-	-	40	1,043	451	61	0.961	 	4	62	10	44	 
2015	12080	505	Northern Ky.	-	Opponent Totals	-	-	-	-	40	1,078	494	54	0.967	1	5	42	15	38	1
2015	12080	509	Northwestern	-	Totals	-	-	-	-	42	1,118	479	71	0.957	 	8	67	19	43	 
2015	12080	509	Northwestern	-	Opponent Totals	-	-	-	-	42	1,167	509	61	0.965	 	10	17	13	41	 
2015	12080	508	Northwestern St.	-	Totals	-	-	-	-	42	1,127	500	54	0.968	1	1	38	23	34	 
2015	12080	508	Northwestern St.	-	Opponent Totals	-	-	-	-	42	1,121	492	62	0.963	 	3	36	15	29	 
2015	12080	513	Notre Dame	-	Totals	-	-	-	-	43	1,200	517	41	0.977	 	5	21	14	54	 
2015	12080	513	Notre Dame	-	Opponent Totals	-	-	-	-	43	1,170	441	51	0.969	 	12	52	12	28	 
2015	12080	514	Oakland	-	Totals	-	-	-	-	35	907	375	70	0.948	 	15	79	15	23	1
2015	12080	514	Oakland	-	Opponent Totals	-	-	-	-	35	955	347	47	0.965	 	5	26	19	27	1
2015	12080	519	Ohio	-	Totals	-	-	-	-	35	938	386	55	0.960	1	10	28	16	15	 
2015	12080	519	Ohio	-	Opponent Totals	-	-	-	-	35	940	390	57	0.959	 	7	32	16	30	 
2015	12080	518	Ohio St.	-	Totals	-	-	-	-	41	1,105	416	47	0.970	1	4	24	14	36	 
2015	12080	518	Ohio St.	-	Opponent Totals	-	-	-	-	41	1,073	410	56	0.964	1	7	65	19	30	 
2015	12080	522	Oklahoma	-	Totals	-	-	-	-	47	1,276	507	59	0.968	3	10	41	15	47	 
2015	12080	522	Oklahoma	-	Opponent Totals	-	-	-	-	47	1,243	490	69	0.962	 	13	42	31	36	 
2015	12080	521	Oklahoma St.	-	Totals	-	-	-	-	43	1,182	494	43	0.975	 	14	46	17	30	 
2015	12080	521	Oklahoma St.	-	Opponent Totals	-	-	-	-	43	1,147	433	51	0.969	2	14	68	17	20	 
2015	12080	523	Old Dominion	-	Totals	-	-	-	-	43	1,129	438	54	0.967	 	5	35	14	31	 
2015	12080	523	Old Dominion	-	Opponent Totals	-	-	-	-	43	1,119	457	64	0.961	 	9	52	17	39	 
2015	12080	433	Ole Miss	-	Totals	-	-	-	-	42	1,115	421	51	0.968	1	3	36	16	34	 
2015	12080	433	Ole Miss	-	Opponent Totals	-	-	-	-	42	1,108	418	47	0.970	 	5	37	20	44	 
2015	12080	464	Omaha	-	Totals	-	-	-	-	40	1,049	427	50	0.967	 	16	51	10	24	 
2015	12080	464	Omaha	-	Opponent Totals	-	-	-	-	40	1,049	431	66	0.957	 	5	50	14	35	 
2015	12080	527	Oral Roberts	-	Totals	-	-	-	-	42	1,105	390	56	0.964	 	15	21	15	35	 
2015	12080	527	Oral Roberts	-	Opponent Totals	-	-	-	-	42	1,071	402	51	0.967	1	12	40	14	42	 
2015	12080	529	Oregon	-	Totals	-	-	-	-	44	1,197	448	63	0.963	 	12	23	18	41	 
2015	12080	529	Oregon	-	Opponent Totals	-	-	-	-	44	1,187	459	53	0.969	4	9	32	25	29	 
2015	12080	528	Oregon St.	-	Totals	-	-	-	-	40	1,078	447	39	0.975	 	2	20	19	34	 
2015	12080	528	Oregon St.	-	Opponent Totals	-	-	-	-	40	1,036	422	41	0.973	 	6	27	13	29	 
2015	12080	534	Pacific	-	Totals	-	-	-	-	41	1,073	449	79	0.951	1	20	59	20	27	 
2015	12080	534	Pacific	-	Opponent Totals	-	-	-	-	41	1,111	490	41	0.975	 	7	23	20	42	 
2015	12080	540	Penn	-	Totals	-	-	-	-	34	813	310	40	0.966	 	14	21	18	19	 
2015	12080	540	Penn	-	Opponent Totals	-	-	-	-	34	815	291	39	0.966	 	6	34	8	28	 
2015	12080	539	Penn St.	-	Totals	-	-	-	-	39	1,039	451	62	0.960	1	9	59	22	48	 
2015	12080	539	Penn St.	-	Opponent Totals	-	-	-	-	39	1,062	447	73	0.954	1	9	60	13	26	 
2015	12080	541	Pepperdine	-	Totals	-	-	-	-	42	1,123	501	58	0.966	1	9	25	17	33	 
2015	12080	541	Pepperdine	-	Opponent Totals	-	-	-	-	42	1,114	387	48	40.711	 	10	22	11	33	 
2015	12080	545	Pittsburgh	-	Totals	-	-	-	-	40	1,075	436	60	0.962	 	16	41	19	29	 
2015	12080	545	Pittsburgh	-	Opponent Totals	-	-	-	-	40	1,079	389	44	0.971	4	8	47	27	32	 
2015	12080	551	Portland	-	Totals	-	-	-	-	45	1,158	535	56	0.968	 	6	54	21	35	 
2015	12080	551	Portland	-	Opponent Totals	-	-	-	-	45	1,212	465	31	0.982	 	2	16	23	38	1
2015	12080	553	Prairie View	-	Totals	-	-	-	-	45	1,088	440	97	0.940	 	10	80	22	29	 
2015	12080	553	Prairie View	-	Opponent Totals	-	-	-	-	45	1,111	462	80	0.952	1	15	57	21	39	 
2015	12080	1320	Presbyterian	-	Totals	-	-	-	-	44	1,173	443	65	0.961	 	5	76	19	29	 
2015	12080	1320	Presbyterian	-	Opponent Totals	-	-	-	-	44	1,163	498	72	0.958	1	8	44	24	33	 
2015	12080	554	Princeton	-	Totals	-	-	-	-	38	878	371	61	0.953	1	8	52	14	34	 
2015	12080	554	Princeton	-	Opponent Totals	-	-	-	-	37	910	356	31	0.976	2	1	17	13	33	 
2015	12080	559	Purdue	-	Totals	-	-	-	-	44	1,158	529	54	0.969	1	20	40	23	46	 
2015	12080	559	Purdue	-	Opponent Totals	-	-	-	-	44	1,180	468	46	0.973	 	5	31	13	40	1
2015	12080	562	Quinnipiac	-	Totals	-	-	-	-	40	990	385	45	0.968	 	10	35	11	28	 
2015	12080	562	Quinnipiac	-	Opponent Totals	-	-	-	-	40	1,008	446	49	0.967	 	4	57	22	21	 
2015	12080	563	Radford	-	Totals	-	-	-	-	42	1,103	453	50	0.969	3	8	39	24	33	 
2015	12080	563	Radford	-	Opponent Totals	-	-	-	-	42	1,089	411	54	0.965	 	15	74	25	27	 
2015	12080	572	Rhode Island	-	Totals	-	-	-	-	35	900	356	45	0.965	 	11	33	9	28	 
2015	12080	572	Rhode Island	-	Opponent Totals	-	-	-	-	35	909	384	42	0.969	 	14	65	20	22	 
2015	12080	574	Rice	-	Totals	-	-	-	-	45	1,193	483	63	0.964	1	11	27	11	34	 
2015	12080	574	Rice	-	Opponent Totals	-	-	-	-	45	1,167	518	51	0.971	 	9	24	13	31	 
2015	12080	575	Richmond	-	Totals	-	-	-	-	38	1,007	394	50	0.966	1	11	35	26	26	 
2015	12080	575	Richmond	-	Opponent Totals	-	-	-	-	38	993	363	44	0.969	1	8	26	6	34	 
2015	12080	576	Rider	-	Totals	-	-	-	-	36	919	385	61	0.955	2	8	38	13	33	 
2015	12080	576	Rider	-	Opponent Totals	-	-	-	-	36	940	371	63	0.954	 	8	52	17	28	 
2015	12080	587	Rutgers	-	Totals	-	-	-	-	43	1,120	392	59	0.962	1	4	40	19	32	 
2015	12080	587	Rutgers	-	Opponent Totals	-	-	-	-	43	1,144	504	61	0.964	 	6	62	21	27	 
2015	12080	660	SIUE	-	Totals	-	-	-	-	36	932	365	43	0.968	 	6	59	14	25	 
2015	12080	660	SIUE	-	Opponent Totals	-	-	-	-	36	956	374	44	34.859	2	2	31	13	42	 
2015	12080	102	Sacramento St.	-	Totals	-	-	-	-	43	1,129	474	41	0.975	 	9	38	29	30	 
2015	12080	102	Sacramento St.	-	Opponent Totals	-	-	-	-	43	1,120	409	42	0.973	1	7	54	18	28	 
2015	12080	590	Sacred Heart	-	Totals	-	-	-	-	36	915	400	43	0.968	2	5	49	21	28	 
2015	12080	590	Sacred Heart	-	Opponent Totals	-	-	-	-	36	951	408	45	0.968	1	6	35	16	28	 
2015	12080	606	Saint Joseph's	-	Totals	-	-	-	-	35	902	386	39	0.971	 	7	29	17	29	 
2015	12080	606	Saint Joseph's	-	Opponent Totals	-	-	-	-	35	917	280	37	0.970	1	10	32	9	19	 
2015	12080	609	Saint Louis	-	Totals	-	-	-	-	43	1,129	437	49	0.970	3	3	31	13	40	 
2015	12080	609	Saint Louis	-	Opponent Totals	-	-	-	-	43	1,093	432	64	41.243	2	7	33	12	40	 
2015	12080	617	Saint Peter's	-	Totals	-	-	-	-	35	844	338	43	0.965	1	3	57	12	27	 
2015	12080	617	Saint Peter's	-	Opponent Totals	-	-	-	-	35	888	363	44	0.966	 	7	29	7	33	 
2015	12080	624	Sam Houston St.	-	Totals	-	-	-	-	45	1,208	446	75	0.957	3	3	44	16	23	 
2015	12080	624	Sam Houston St.	-	Opponent Totals	-	-	-	-	45	1,215	520	59	0.967	 	4	62	17	30	 
2015	12080	625	Samford	-	Totals	-	-	-	-	42	1,105	467	68	0.959	 	5	43	20	33	 
2015	12080	625	Samford	-	Opponent Totals	-	-	-	-	42	1,095	400	69	0.956	2	5	40	12	33	 
2015	12080	627	San Diego	-	Totals	-	-	-	-	42	1,137	437	32	0.980	 	12	16	14	27	 
2015	12080	627	San Diego	-	Opponent Totals	-	-	-	-	42	1,116	506	43	0.974	 	8	31	25	46	 
2015	12080	626	San Diego St.	-	Totals	-	-	-	-	45	1,235	513	45	0.975	 	7	34	28	27	 
2015	12080	626	San Diego St.	-	Opponent Totals	-	-	-	-	45	1,204	474	59	0.966	 	7	33	23	32	 
2015	12080	629	San Francisco	-	Totals	-	-	-	-	44	1,173	453	45	0.973	 	4	28	25	31	 
2015	12080	629	San Francisco	-	Opponent Totals	-	-	-	-	44	1,191	515	47	0.973	 	6	34	18	37	 
2015	12080	630	San Jose St.	-	Totals	-	-	-	-	44	1,128	453	52	0.968	2	8	36	20	29	 
2015	12080	630	San Jose St.	-	Opponent Totals	-	-	-	-	44	1,177	561	46	0.974	 	11	30	20	36	 
2015	12080	631	Santa Clara	-	Totals	-	-	-	-	42	1,101	412	61	0.961	1	6	42	29	38	 
2015	12080	631	Santa Clara	-	Opponent Totals	-	-	-	-	42	1,102	462	39	0.976	1	5	25	22	28	 
2015	12080	632	Savannah St.	-	Totals	-	-	-	-	45	1,114	413	83	0.948	2	8	45	19	29	 
2015	12080	632	Savannah St.	-	Opponent Totals	-	-	-	-	45	1,130	518	64	0.963	 	7	42	24	37	 
2015	12080	1356	Seattle	-	Totals	-	-	-	-	41	1,089	451	63	0.961	2	5	38	22	32	1
2015	12080	1356	Seattle	-	Opponent Totals	-	-	-	-	41	1,055	482	66	0.959	 	7	63	19	34	 
2015	12080	635	Seton Hall	-	Totals	-	-	-	-	35	903	368	41	0.969	 	10	21	11	21	 
2015	12080	635	Seton Hall	-	Opponent Totals	-	-	-	-	35	905	360	59	0.955	 	3	66	17	22	 
2015	12080	639	Siena	-	Totals	-	-	-	-	36	856	356	51	0.960	1	9	25	18	15	 
2015	12080	639	Siena	-	Opponent Totals	-	-	-	-	36	888	308	38	0.969	 	12	16	10	22	 
2015	12080	646	South Ala.	-	Totals	-	-	-	-	45	1,222	432	45	0.974	 	8	38	13	32	 
2015	12080	646	South Ala.	-	Opponent Totals	-	-	-	-	45	1,185	500	88	0.950	4	14	64	21	38	 
2015	12080	648	South Carolina	-	Totals	-	-	-	-	45	1,203	469	50	0.971	1	5	37	16	44	 
2015	12080	648	South Carolina	-	Opponent Totals	-	-	-	-	45	1,175	469	47	0.972	 	5	47	12	41	 
2015	12080	649	South Dakota St.	-	Totals	-	-	-	-	42	1,082	430	53	0.966	 	6	37	25	38	 
2015	12080	649	South Dakota St.	-	Opponent Totals	-	-	-	-	42	1,077	496	97	0.942	2	13	71	10	24	 
2015	12080	651	South Fla.	-	Totals	-	-	-	-	44	1,176	453	61	0.964	 	11	45	18	34	 
2015	12080	651	South Fla.	-	Opponent Totals	-	-	-	-	44	1,140	408	56	0.965	 	5	59	16	26	 
2015	12080	654	Southeast Mo. St.	-	Totals	-	-	-	-	43	1,162	503	39	0.977	 	6	38	17	40	 
2015	12080	654	Southeast Mo. St.	-	Opponent Totals	-	-	-	-	43	1,138	387	55	0.965	 	12	40	24	35	 
2015	12080	655	Southeastern La.	-	Totals	-	-	-	-	45	1,185	461	64	0.963	2	11	34	18	28	 
2015	12080	655	Southeastern La.	-	Opponent Totals	-	-	-	-	45	1,150	466	74	0.956	1	11	66	25	46	 
2015	12080	657	Southern California	-	Totals	-	-	-	-	42	1,164	442	43	0.974	 	6	26	24	36	 
2015	12080	657	Southern California	-	Opponent Totals	-	-	-	-	42	1,128	455	66	0.960	2	7	68	22	37	1
2015	12080	659	Southern Ill.	-	Totals	-	-	-	-	45	1,157	470	57	0.966	1	8	38	19	41	 
2015	12080	659	Southern Ill.	-	Opponent Totals	-	-	-	-	45	1,197	501	60	0.966	1	12	14	15	30	 
2015	12080	664	Southern Miss.	-	Totals	-	-	-	-	40	1,051	439	39	0.974	1	8	23	20	42	 
2015	12080	664	Southern Miss.	-	Opponent Totals	-	-	-	-	40	1,038	443	58	0.962	2	11	43	18	31	 
2015	12080	665	Southern U.	-	Totals	-	-	-	-	32	834	340	57	0.954	1	23	54	24	26	 
2015	12080	665	Southern U.	-	Opponent Totals	-	-	-	-	32	829	301	48	0.959	 	9	44	16	19	 
2015	12080	596	St. Bonaventure	-	Totals	-	-	-	-	33	827	346	39	0.968	 	20	42	9	22	1
2015	12080	596	St. Bonaventure	-	Opponent Totals	-	-	-	-	33	848	393	44	0.966	1	8	35	14	21	 
2015	12080	603	St. John's (NY)	-	Totals	-	-	-	-	38	1,015	431	39	0.974	1	9	34	19	32	 
2015	12080	603	St. John's (NY)	-	Opponent Totals	-	-	-	-	38	996	429	59	0.960	2	12	21	16	34	 
2015	12080	610	St. Mary's (CA)	-	Totals	-	-	-	-	42	1,122	494	51	0.969	 	16	29	29	31	 
2015	12080	610	St. Mary's (CA)	-	Opponent Totals	-	-	-	-	42	1,117	500	68	0.960	 	11	48	27	26	 
2015	12080	674	Stanford	-	Totals	-	-	-	-	38	1,010	400	43	0.970	 	11	25	23	33	 
2015	12080	674	Stanford	-	Opponent Totals	-	-	-	-	38	1,003	438	48	0.968	 	8	20	9	34	 
2015	12080	676	Stephen F. Austin	-	Totals	-	-	-	-	41	1,071	398	55	0.964	2	3	53	16	29	 
2015	12080	676	Stephen F. Austin	-	Opponent Totals	-	-	-	-	41	1,092	410	48	0.969	 	3	53	16	37	 
2015	12080	678	Stetson	-	Totals	-	-	-	-	45	1,170	475	74	0.957	1	10	51	18	43	 
2015	12080	678	Stetson	-	Opponent Totals	-	-	-	-	45	1,157	450	49	0.970	1	6	27	11	32	 
2015	12080	683	Stony Brook	-	Totals	-	-	-	-	32	816	315	25	0.978	2	3	33	17	15	 
2015	12080	683	Stony Brook	-	Opponent Totals	-	-	-	-	32	807	375	44	0.964	 	10	31	13	29	 
2015	12080	698	TCU	-	Totals	-	-	-	-	42	1,138	450	33	0.980	 	10	23	9	28	 
2015	12080	698	TCU	-	Opponent Totals	-	-	-	-	42	1,084	474	69	0.958	4	14	78	25	39	 
2015	12080	694	Tennessee	-	Totals	-	-	-	-	39	1,016	365	52	0.964	1	12	29	18	29	 
2015	12080	694	Tennessee	-	Opponent Totals	-	-	-	-	39	1,029	444	47	37.864	 	4	42	21	28	 
2015	12080	692	Tennessee Tech	-	Totals	-	-	-	-	39	1,042	385	64	0.957	 	4	39	17	35	 
2015	12080	692	Tennessee Tech	-	Opponent Totals	-	-	-	-	39	1,033	394	64	0.957	2	5	19	5	41	 
2015	12080	536	Tex.-Pan American	-	Totals	-	-	-	-	41	1,062	416	67	0.957	 	5	54	14	39	1
2015	12080	536	Tex.-Pan American	-	Opponent Totals	-	-	-	-	41	1,073	469	55	0.966	 	16	29	19	37	 
2015	12080	703	Texas	-	Totals	-	-	-	-	44	1,228	530	41	0.977	 	11	31	17	44	 
2015	12080	703	Texas	-	Opponent Totals	-	-	-	-	44	1,225	443	43	0.975	 	7	28	15	38	 
2015	12080	697	Texas A&M	-	Totals	-	-	-	-	44	1,168	448	54	0.968	 	4	33	18	33	 
2015	12080	697	Texas A&M	-	Opponent Totals	-	-	-	-	44	1,087	457	58	0.964	2	5	28	12	45	 
2015	12080	699	Texas Southern	-	Totals	-	-	-	-	35	922	356	65	0.952	1	25	58	20	23	 
2015	12080	699	Texas Southern	-	Opponent Totals	-	-	-	-	35	911	336	63	0.952	1	17	111	22	13	 
2015	12080	670	Texas St.	-	Totals	-	-	-	-	43	1,144	517	59	0.966	1	26	71	27	42	 
2015	12080	670	Texas St.	-	Opponent Totals	-	-	-	-	43	1,150	392	55	0.966	1	12	26	13	29	 
2015	12080	700	Texas Tech	-	Totals	-	-	-	-	44	1,206	571	54	0.971	5	7	55	13	51	 
2015	12080	700	Texas Tech	-	Opponent Totals	-	-	-	-	44	1,175	457	40	0.976	 	8	31	10	35	 
2015	12080	702	Texas-Arlington	-	Totals	-	-	-	-	42	1,115	442	50	0.969	1	2	39	22	39	 
2015	12080	702	Texas-Arlington	-	Opponent Totals	-	-	-	-	42	1,125	464	43	0.974	 	5	23	7	44	 
2015	12080	709	Toledo	-	Totals	-	-	-	-	39	1,037	481	55	0.965	2	9	55	20	40	 
2015	12080	709	Toledo	-	Opponent Totals	-	-	-	-	39	1,069	429	49	0.968	 	6	25	13	25	 
2015	12080	711	Towson	-	Totals	-	-	-	-	43	1,126	544	96	0.946	 	17	80	16	38	 
2015	12080	711	Towson	-	Opponent Totals	-	-	-	-	43	1,149	498	80	0.954	 	14	47	29	38	 
2015	12080	716	Troy	-	Totals	-	-	-	-	45	1,195	535	58	0.968	3	7	27	3	46	 
2015	12080	716	Troy	-	Opponent Totals	-	-	-	-	45	1,167	477	52	0.969	 	2	66	19	34	 
2015	12080	718	Tulane	-	Totals	-	-	-	-	42	1,124	507	49	0.971	 	8	18	31	44	 
2015	12080	718	Tulane	-	Opponent Totals	-	-	-	-	42	1,113	450	56	0.965	 	10	38	22	29	 
2015	12080	9	UAB	-	Totals	-	-	-	-	41	1,065	485	47	0.971	2	6	30	12	43	 
2015	12080	9	UAB	-	Opponent Totals	-	-	-	-	41	1,053	406	48	0.968	 	6	42	7	24	 
2015	12080	32	UALR	-	Totals	-	-	-	-	39	1,005	370	34	0.976	 	6	45	24	19	 
2015	12080	32	UALR	-	Opponent Totals	-	-	-	-	39	1,020	447	39	0.974	1	5	33	14	40	 
2015	12080	108	UC Davis	-	Totals	-	-	-	-	42	1,133	538	52	0.970	1	9	38	21	45	 
2015	12080	108	UC Davis	-	Opponent Totals	-	-	-	-	42	1,126	580	71	0.960	1	5	96	39	37	 
2015	12080	109	UC Irvine	-	Totals	-	-	-	-	40	1,082	461	41	0.974	1	6	23	17	38	 
2015	12080	109	UC Irvine	-	Opponent Totals	-	-	-	-	40	1,068	461	56	0.965	 	5	21	12	46	 
2015	12080	111	UC Riverside	-	Totals	-	-	-	-	41	1,120	439	80	0.951	 	2	51	21	23	 
2015	12080	111	UC Riverside	-	Opponent Totals	-	-	-	-	41	1,141	457	53	0.968	 	9	31	21	47	 
2015	12080	104	UC Santa Barbara	-	Totals	-	-	-	-	41	1,122	476	36	0.978	2	7	13	13	29	 
2015	12080	104	UC Santa Barbara	-	Opponent Totals	-	-	-	-	41	1,074	453	53	0.966	 	12	50	24	25	 
2015	12080	128	UCF	-	Totals	-	-	-	-	45	1,173	469	58	0.966	 	8	29	21	36	 
2015	12080	128	UCF	-	Opponent Totals	-	-	-	-	45	1,151	400	48	0.970	4	16	37	11	32	 
2015	12080	110	UCLA	-	Totals	-	-	-	-	40	1,083	410	38	0.975	1	 	20	14	30	 
2015	12080	110	UCLA	-	Opponent Totals	-	-	-	-	40	1,036	458	68	0.956	1	12	43	17	33	 
2015	12080	164	UConn	-	Totals	-	-	-	-	45	1,212	455	50	0.971	1	8	35	18	29	 
2015	12080	164	UConn	-	Opponent Totals	-	-	-	-	45	1,209	484	57	0.967	 	15	74	23	39	 
2015	12080	391	UMBC	-	Totals	-	-	-	-	35	903	354	42	0.968	 	10	50	17	27	 
2015	12080	391	UMBC	-	Opponent Totals	-	-	-	-	35	906	412	46	0.966	2	6	74	19	22	 
2015	12080	393	UMES	-	Totals	-	-	-	-	42	1,021	413	70	0.953	 	10	53	15	22	 
2015	12080	393	UMES	-	Opponent Totals	-	-	-	-	42	1,062	386	59	0.961	 	9	58	13	18	 
2015	12080	368	UMass Lowell	-	Totals	-	-	-	-	33	814	340	37	0.969	 	3	32	8	30	 
2015	12080	368	UMass Lowell	-	Opponent Totals	-	-	-	-	33	844	360	39	0.969	2	5	69	18	21	 
2015	12080	456	UNC Asheville	-	Totals	-	-	-	-	44	1,156	510	76	0.956	2	15	63	23	45	 
2015	12080	456	UNC Asheville	-	Opponent Totals	-	-	-	-	44	1,163	341	56	0.964	1	19	22	7	29	 
2015	12080	459	UNCG	-	Totals	-	-	-	-	39	999	369	49	0.965	 	4	37	17	27	 
2015	12080	459	UNCG	-	Opponent Totals	-	-	-	-	39	1,006	379	57	0.960	1	4	28	13	29	 
2015	12080	460	UNCW	-	Totals	-	-	-	-	40	1,074	381	63	0.958	1	10	41	15	36	 
2015	12080	460	UNCW	-	Opponent Totals	-	-	-	-	40	1,026	364	75	0.949	 	10	56	23	25	 
2015	12080	465	UNLV	-	Totals	-	-	-	-	42	1,136	443	57	0.965	 	3	43	17	30	 
2015	12080	465	UNLV	-	Opponent Totals	-	-	-	-	42	1,126	509	61	0.964	6	5	48	20	47	1
2015	12080	10411	USC Upstate	-	Totals	-	-	-	-	45	1,182	440	59	0.965	 	11	55	19	18	 
2015	12080	10411	USC Upstate	-	Opponent Totals	-	-	-	-	45	1,182	445	75	0.956	 	16	19	2	41	 
2015	12080	695	UT Martin	-	Totals	-	-	-	-	41	1,060	388	52	0.965	2	12	54	22	21	 
2015	12080	695	UT Martin	-	Opponent Totals	-	-	-	-	41	1,099	434	43	0.973	 	12	29	9	38	 
2015	12080	706	UTSA	-	Totals	-	-	-	-	44	1,172	441	70	0.958	 	7	16	18	20	 
2015	12080	706	UTSA	-	Opponent Totals	-	-	-	-	44	1,147	434	62	0.962	 	15	54	19	21	 
2015	12080	732	Utah	-	Totals	-	-	-	-	39	1,010	423	54	0.964	1	8	47	17	22	 
2015	12080	732	Utah	-	Opponent Totals	-	-	-	-	39	1,039	461	44	0.972	 	6	55	40	33	 
2015	12080	30024	Utah Valley	-	Totals	-	-	-	-	40	1,023	427	68	0.955	 	14	63	23	36	 
2015	12080	30024	Utah Valley	-	Opponent Totals	-	-	-	-	40	1,057	424	50	0.967	1	12	33	13	34	 
2015	12080	740	VCU	-	Totals	-	-	-	-	43	1,151	417	36	0.978	 	13	39	13	30	 
2015	12080	740	VCU	-	Opponent Totals	-	-	-	-	43	1,141	525	72	0.959	 	19	39	24	34	 
2015	12080	741	VMI	-	Totals	-	-	-	-	34	879	383	62	0.953	 	6	34	18	22	 
2015	12080	741	VMI	-	Opponent Totals	-	-	-	-	34	897	354	47	0.964	 	5	57	13	23	 
2015	12080	735	Valparaiso	-	Totals	-	-	-	-	37	955	373	60	0.957	 	9	47	10	32	1
2015	12080	735	Valparaiso	-	Opponent Totals	-	-	-	-	37	993	334	53	0.962	 	15	36	16	17	 
2015	12080	736	Vanderbilt	-	Totals	-	-	-	-	45	1,250	470	41	0.977	 	8	18	15	42	 
2015	12080	736	Vanderbilt	-	Opponent Totals	-	-	-	-	45	1,189	410	68	0.959	 	8	68	28	37	 
2015	12080	739	Villanova	-	Totals	-	-	-	-	38	1,018	412	43	0.971	1	16	58	22	33	 
2015	12080	739	Villanova	-	Opponent Totals	-	-	-	-	38	1,011	405	44	0.970	 	8	39	16	33	 
2015	12080	746	Virginia	-	Totals	-	-	-	-	44	1,201	492	56	0.968	1	5	28	18	29	 
2015	12080	746	Virginia	-	Opponent Totals	-	-	-	-	44	1,169	473	67	0.961	 	10	34	19	33	 
2015	12080	742	Virginia Tech	-	Totals	-	-	-	-	41	1,097	428	55	0.965	 	19	32	14	32	1
2015	12080	742	Virginia Tech	-	Opponent Totals	-	-	-	-	41	1,098	445	53	0.967	1	9	23	7	32	 
2015	12080	748	Wagner	-	Totals	-	-	-	-	30	767	288	35	0.968	 	4	35	15	18	 
2015	12080	748	Wagner	-	Opponent Totals	-	-	-	-	30	774	329	42	0.963	 	9	38	8	22	1
2015	12080	749	Wake Forest	-	Totals	-	-	-	-	45	1,193	436	63	0.963	1	12	67	11	44	 
2015	12080	749	Wake Forest	-	Opponent Totals	-	-	-	-	45	1,172	437	44	0.973	 	7	46	12	35	 
2015	12080	756	Washington	-	Totals	-	-	-	-	41	1,131	448	37	0.977	1	4	15	20	35	 
2015	12080	756	Washington	-	Opponent Totals	-	-	-	-	41	1,119	490	61	39.482	 	11	30	10	30	 
2015	12080	754	Washington St.	-	Totals	-	-	-	-	42	1,107	474	49	0.970	 	6	46	19	42	 
2015	12080	754	Washington St.	-	Opponent Totals	-	-	-	-	42	1,097	449	51	0.968	1	3	44	26	23	 
2015	12080	768	West Virginia	-	Totals	-	-	-	-	33	893	352	43	0.967	 	11	24	15	32	 
2015	12080	768	West Virginia	-	Opponent Totals	-	-	-	-	32	864	315	47	0.962	 	4	36	13	27	 
2015	12080	769	Western Caro.	-	Totals	-	-	-	-	40	1,041	386	59	0.960	1	12	43	9	36	 
2015	12080	769	Western Caro.	-	Opponent Totals	-	-	-	-	40	1,041	382	48	0.967	1	5	57	17	19	 
2015	12080	771	Western Ill.	-	Totals	-	-	-	-	38	957	353	76	0.945	 	12	70	15	18	 
2015	12080	771	Western Ill.	-	Opponent Totals	-	-	-	-	38	990	406	52	0.964	 	7	43	19	30	 
2015	12080	772	Western Ky.	-	Totals	-	-	-	-	41	1,085	430	59	0.963	2	11	35	22	38	 
2015	12080	772	Western Ky.	-	Opponent Totals	-	-	-	-	41	1,068	415	63	0.959	1	8	33	16	23	 
2015	12080	774	Western Mich.	-	Totals	-	-	-	-	38	993	413	60	0.959	 	3	38	12	43	 
2015	12080	774	Western Mich.	-	Opponent Totals	-	-	-	-	38	1,014	435	53	0.965	 	12	25	15	33	 
2015	12080	782	Wichita St.	-	Totals	-	-	-	-	43	1,109	443	58	0.964	1	14	51	24	27	 
2015	12080	782	Wichita St.	-	Opponent Totals	-	-	-	-	43	1,114	410	53	0.966	2	5	63	15	29	 
2015	12080	786	William & Mary	-	Totals	-	-	-	-	40	1,027	447	58	0.962	1	7	43	16	23	 
2015	12080	786	William & Mary	-	Opponent Totals	-	-	-	-	40	1,051	403	61	38.407	2	7	24	4	40	 
2015	12080	792	Winthrop	-	Totals	-	-	-	-	46	1,231	438	44	0.974	1	12	54	16	35	 
2015	12080	792	Winthrop	-	Opponent Totals	-	-	-	-	46	1,185	510	69	0.961	 	9	57	24	34	 
2015	12080	2915	Wofford	-	Totals	-	-	-	-	45	1,180	439	53	0.968	 	5	28	11	29	 
2015	12080	2915	Wofford	-	Opponent Totals	-	-	-	-	45	1,133	414	74	0.954	 	7	104	25	25	 
2015	12080	810	Wright St.	-	Totals	-	-	-	-	42	1,130	444	43	0.973	 	4	32	17	31	1
2015	12080	810	Wright St.	-	Opponent Totals	-	-	-	-	42	1,117	454	63	0.961	 	11	57	23	33	 
2015	12080	812	Xavier	-	Totals	-	-	-	-	44	1,118	464	61	0.963	2	5	39	28	33	 
2015	12080	812	Xavier	-	Opponent Totals	-	-	-	-	44	1,173	449	40	0.976	 	6	59	19	30	 
2015	12080	813	Yale	-	Totals	-	-	-	-	38	957	376	45	0.967	 	8	58	19	19	 
2015	12080	813	Yale	-	Opponent Totals	-	-	-	-	38	975	367	45	0.968	2	9	49	19	22	 
2015	12080	817	Youngstown St.	-	Totals	-	-	-	-	38	992	387	50	0.965	 	16	71	13	27	 
2015	12080	817	Youngstown St.	-	Opponent Totals	-	-	-	-	38	1,014	408	45	0.969	 	11	26	15	33	 
